{"__type":"$$EventMessageAudit","id":"2596841f-b6ca-4fb0-95dc-fa3098932893","ts":"2026-05-13T13:34:40.004+07:00","eventName":"n8n.audit.workflow.created","message":"n8n.audit.workflow.created","payload":{"userId":"0a843bf0-9d73-4a40-92e2-34a8cf047493","_email":"arkar.acc2003@gmail.com","_firstName":"Htet","_lastName":"Arkar","globalRole":"global:owner","workflowId":"P0OmfbAIeWALp29h","workflowName":"My workflow 2"}}
{"__type":"$$EventMessageConfirm","confirm":"2596841f-b6ca-4fb0-95dc-fa3098932893","ts":"2026-05-13T13:34:40.004+07:00","source":{"id":"0","name":"eventBus"}}
{"__type":"$$EventMessageAudit","id":"e5a10134-80aa-43ab-9633-f577a8cf2127","ts":"2026-05-13T13:35:14.933+07:00","eventName":"n8n.audit.user.credentials.created","message":"n8n.audit.user.credentials.created","payload":{"userId":"0a843bf0-9d73-4a40-92e2-34a8cf047493","_email":"arkar.acc2003@gmail.com","_firstName":"Htet","_lastName":"Arkar","globalRole":"global:owner","credentialType":"mqtt","credentialId":"pyRqpXCTzCkh1bzW","publicApi":false,"projectId":"yyLdxcqYKHGXLqea","projectType":"personal","uiContext":"workflow_list","isDynamic":false,"usesExternalSecrets":false}}
{"__type":"$$EventMessageConfirm","confirm":"e5a10134-80aa-43ab-9633-f577a8cf2127","ts":"2026-05-13T13:35:14.933+07:00","source":{"id":"0","name":"eventBus"}}
{"__type":"$$EventMessageAudit","id":"c25d504a-b4a6-4257-9388-f795e350624c","ts":"2026-05-13T13:35:16.564+07:00","eventName":"n8n.audit.workflow.updated","message":"n8n.audit.workflow.updated","payload":{"userId":"0a843bf0-9d73-4a40-92e2-34a8cf047493","_email":"arkar.acc2003@gmail.com","_firstName":"Htet","_lastName":"Arkar","globalRole":"global:owner","workflowId":"P0OmfbAIeWALp29h","workflowName":"My workflow 2"}}
{"__type":"$$EventMessageConfirm","confirm":"c25d504a-b4a6-4257-9388-f795e350624c","ts":"2026-05-13T13:35:16.564+07:00","source":{"id":"0","name":"eventBus"}}
{"__type":"$$EventMessageAudit","id":"2566cfbe-95b2-40bb-bd1e-8fd99185d18a","ts":"2026-05-13T13:42:08.718+07:00","eventName":"n8n.audit.user.credentials.updated","message":"n8n.audit.user.credentials.updated","payload":{"userId":"0a843bf0-9d73-4a40-92e2-34a8cf047493","_email":"arkar.acc2003@gmail.com","_firstName":"Htet","_lastName":"Arkar","globalRole":"global:owner","credentialType":"mqtt","credentialId":"pyRqpXCTzCkh1bzW","isDynamic":false,"usesExternalSecrets":false}}
{"__type":"$$EventMessageConfirm","confirm":"2566cfbe-95b2-40bb-bd1e-8fd99185d18a","ts":"2026-05-13T13:42:08.718+07:00","source":{"id":"0","name":"eventBus"}}
{"__type":"$$EventMessageAudit","id":"935f2016-b7cf-436b-93df-a3e2c2f0931a","ts":"2026-05-13T13:42:46.387+07:00","eventName":"n8n.audit.workflow.updated","message":"n8n.audit.workflow.updated","payload":{"userId":"0a843bf0-9d73-4a40-92e2-34a8cf047493","_email":"arkar.acc2003@gmail.com","_firstName":"Htet","_lastName":"Arkar","globalRole":"global:owner","workflowId":"P0OmfbAIeWALp29h","workflowName":"My workflow 2"}}
{"__type":"$$EventMessageConfirm","confirm":"935f2016-b7cf-436b-93df-a3e2c2f0931a","ts":"2026-05-13T13:42:46.388+07:00","source":{"id":"0","name":"eventBus"}}
{"__type":"$$EventMessageAudit","id":"206678c2-68b1-45f8-9f5c-4bf453130eb5","ts":"2026-05-13T13:42:47.907+07:00","eventName":"n8n.audit.workflow.executed","message":"n8n.audit.workflow.executed","payload":{"userId":"0a843bf0-9d73-4a40-92e2-34a8cf047493","_email":"arkar.acc2003@gmail.com","_firstName":"Htet","_lastName":"Arkar","globalRole":"global:owner","workflowId":"P0OmfbAIeWALp29h","workflowName":"My workflow 2","executionId":"18","source":"user-manual"}}
{"__type":"$$EventMessageConfirm","confirm":"206678c2-68b1-45f8-9f5c-4bf453130eb5","ts":"2026-05-13T13:42:47.908+07:00","source":{"id":"0","name":"eventBus"}}
{"__type":"$$EventMessageWorkflow","id":"b454f74d-6d60-4c5b-9c64-92e11720cd7f","ts":"2026-05-13T13:42:47.908+07:00","eventName":"n8n.workflow.started","message":"n8n.workflow.started","payload":{"executionId":"18","workflowId":"P0OmfbAIeWALp29h","isManual":false,"mode":"manual","workflowName":"My workflow 2","projectId":"yyLdxcqYKHGXLqea","projectName":"Htet Arkar <arkar.acc2003@gmail.com>"}}
{"__type":"$$EventMessageConfirm","confirm":"b454f74d-6d60-4c5b-9c64-92e11720cd7f","ts":"2026-05-13T13:42:47.908+07:00","source":{"id":"0","name":"eventBus"}}
{"__type":"$$EventMessageNode","id":"adcda23c-3340-4c68-9f9c-814c36b8a463","ts":"2026-05-13T13:42:47.918+07:00","eventName":"n8n.node.started","message":"n8n.node.started","payload":{"workflowId":"P0OmfbAIeWALp29h","workflowName":"My workflow 2","executionId":"18","nodeType":"n8n-nodes-base.mqttTrigger","nodeName":"MQTT Trigger","nodeId":"baa908e8-6fd3-45d9-bee5-a383a4713ffc"}}
{"__type":"$$EventMessageConfirm","confirm":"adcda23c-3340-4c68-9f9c-814c36b8a463","ts":"2026-05-13T13:42:47.918+07:00","source":{"id":"0","name":"eventBus"}}
{"__type":"$$EventMessageNode","id":"d9593c72-bd66-4f10-b794-312a32cb2ee2","ts":"2026-05-13T13:43:05.392+07:00","eventName":"n8n.node.finished","message":"n8n.node.finished","payload":{"workflowId":"P0OmfbAIeWALp29h","workflowName":"My workflow 2","executionId":"18","nodeType":"n8n-nodes-base.mqttTrigger","nodeName":"MQTT Trigger","nodeId":"baa908e8-6fd3-45d9-bee5-a383a4713ffc"}}
{"__type":"$$EventMessageConfirm","confirm":"d9593c72-bd66-4f10-b794-312a32cb2ee2","ts":"2026-05-13T13:43:05.393+07:00","source":{"id":"0","name":"eventBus"}}
{"__type":"$$EventMessageWorkflow","id":"ae84b3a0-177f-4b38-a559-29716bff02b2","ts":"2026-05-13T13:43:05.401+07:00","eventName":"n8n.workflow.success","message":"n8n.workflow.success","payload":{"userId":"0a843bf0-9d73-4a40-92e2-34a8cf047493","executionId":"18","success":true,"isManual":true,"mode":"manual","workflowId":"P0OmfbAIeWALp29h","workflowName":"My workflow 2","projectId":"yyLdxcqYKHGXLqea","projectName":"Htet Arkar <arkar.acc2003@gmail.com>"}}
{"__type":"$$EventMessageConfirm","confirm":"ae84b3a0-177f-4b38-a559-29716bff02b2","ts":"2026-05-13T13:43:05.401+07:00","source":{"id":"0","name":"eventBus"}}
{"__type":"$$EventMessageAudit","id":"fd9667a7-7226-4fa9-b63d-cd5e5d68c092","ts":"2026-05-13T15:35:51.618+07:00","eventName":"n8n.audit.workflow.executed","message":"n8n.audit.workflow.executed","payload":{"userId":"0a843bf0-9d73-4a40-92e2-34a8cf047493","_email":"arkar.acc2003@gmail.com","_firstName":"Htet","_lastName":"Arkar","globalRole":"global:owner","workflowId":"P0OmfbAIeWALp29h","workflowName":"My workflow 2","executionId":"19","source":"user-manual"}}
{"__type":"$$EventMessageConfirm","confirm":"fd9667a7-7226-4fa9-b63d-cd5e5d68c092","ts":"2026-05-13T15:35:51.618+07:00","source":{"id":"0","name":"eventBus"}}
{"__type":"$$EventMessageWorkflow","id":"07c69a77-2172-4e33-a622-ca501d767892","ts":"2026-05-13T15:35:51.618+07:00","eventName":"n8n.workflow.started","message":"n8n.workflow.started","payload":{"executionId":"19","workflowId":"P0OmfbAIeWALp29h","isManual":false,"mode":"manual","workflowName":"My workflow 2","projectId":"yyLdxcqYKHGXLqea","projectName":"Htet Arkar <arkar.acc2003@gmail.com>"}}
{"__type":"$$EventMessageConfirm","confirm":"07c69a77-2172-4e33-a622-ca501d767892","ts":"2026-05-13T15:35:51.618+07:00","source":{"id":"0","name":"eventBus"}}
{"__type":"$$EventMessageNode","id":"d80b7c2d-7cad-48aa-be87-a123266376b3","ts":"2026-05-13T15:35:51.633+07:00","eventName":"n8n.node.started","message":"n8n.node.started","payload":{"workflowId":"P0OmfbAIeWALp29h","workflowName":"My workflow 2","executionId":"19","nodeType":"n8n-nodes-base.mqttTrigger","nodeName":"MQTT Trigger","nodeId":"baa908e8-6fd3-45d9-bee5-a383a4713ffc"}}
{"__type":"$$EventMessageConfirm","confirm":"d80b7c2d-7cad-48aa-be87-a123266376b3","ts":"2026-05-13T15:35:51.633+07:00","source":{"id":"0","name":"eventBus"}}
{"__type":"$$EventMessageWorkflow","id":"826819f7-83a1-4a20-a474-ef81f0c78b67","ts":"2026-05-13T15:36:29.681+07:00","eventName":"n8n.workflow.cancelled","message":"n8n.workflow.cancelled","payload":{"executionId":"19","workflowId":"P0OmfbAIeWALp29h","workflowName":"My workflow 2","reason":"manual"}}
{"__type":"$$EventMessageConfirm","confirm":"826819f7-83a1-4a20-a474-ef81f0c78b67","ts":"2026-05-13T15:36:29.681+07:00","source":{"id":"0","name":"eventBus"}}
{"__type":"$$EventMessageWorkflow","id":"c7c1f7c5-2183-4409-9d4e-71b0786d208c","ts":"2026-05-13T15:36:29.683+07:00","eventName":"n8n.workflow.failed","message":"n8n.workflow.failed","payload":{"userId":"0a843bf0-9d73-4a40-92e2-34a8cf047493","executionId":"19","success":false,"isManual":true,"mode":"manual","workflowId":"P0OmfbAIeWALp29h","workflowName":"My workflow 2","projectId":"yyLdxcqYKHGXLqea","projectName":"Htet Arkar <arkar.acc2003@gmail.com>"}}
{"__type":"$$EventMessageConfirm","confirm":"c7c1f7c5-2183-4409-9d4e-71b0786d208c","ts":"2026-05-13T15:36:29.683+07:00","source":{"id":"0","name":"eventBus"}}
{"__type":"$$EventMessageAudit","id":"16a0668b-4e38-4328-9078-abcd32dd959c","ts":"2026-05-13T15:36:42.904+07:00","eventName":"n8n.audit.workflow.updated","message":"n8n.audit.workflow.updated","payload":{"userId":"0a843bf0-9d73-4a40-92e2-34a8cf047493","_email":"arkar.acc2003@gmail.com","_firstName":"Htet","_lastName":"Arkar","globalRole":"global:owner","workflowId":"P0OmfbAIeWALp29h","workflowName":"My workflow 2"}}
{"__type":"$$EventMessageConfirm","confirm":"16a0668b-4e38-4328-9078-abcd32dd959c","ts":"2026-05-13T15:36:42.904+07:00","source":{"id":"0","name":"eventBus"}}
{"__type":"$$EventMessageAudit","id":"476dbdad-27bd-4f96-a03a-b6252aa4df07","ts":"2026-05-13T15:36:44.091+07:00","eventName":"n8n.audit.workflow.executed","message":"n8n.audit.workflow.executed","payload":{"userId":"0a843bf0-9d73-4a40-92e2-34a8cf047493","_email":"arkar.acc2003@gmail.com","_firstName":"Htet","_lastName":"Arkar","globalRole":"global:owner","workflowId":"P0OmfbAIeWALp29h","workflowName":"My workflow 2","executionId":"20","source":"user-manual"}}
{"__type":"$$EventMessageConfirm","confirm":"476dbdad-27bd-4f96-a03a-b6252aa4df07","ts":"2026-05-13T15:36:44.092+07:00","source":{"id":"0","name":"eventBus"}}
{"__type":"$$EventMessageWorkflow","id":"068995f7-3048-41a8-8b8e-c29e2b5f65a9","ts":"2026-05-13T15:36:44.092+07:00","eventName":"n8n.workflow.started","message":"n8n.workflow.started","payload":{"executionId":"20","workflowId":"P0OmfbAIeWALp29h","isManual":false,"mode":"manual","workflowName":"My workflow 2","projectId":"yyLdxcqYKHGXLqea","projectName":"Htet Arkar <arkar.acc2003@gmail.com>"}}
{"__type":"$$EventMessageConfirm","confirm":"068995f7-3048-41a8-8b8e-c29e2b5f65a9","ts":"2026-05-13T15:36:44.092+07:00","source":{"id":"0","name":"eventBus"}}
{"__type":"$$EventMessageNode","id":"194a9b67-3b78-4c1b-9cd5-d1dae047e6ab","ts":"2026-05-13T15:36:44.106+07:00","eventName":"n8n.node.started","message":"n8n.node.started","payload":{"workflowId":"P0OmfbAIeWALp29h","workflowName":"My workflow 2","executionId":"20","nodeType":"n8n-nodes-base.mqttTrigger","nodeName":"MQTT Trigger","nodeId":"baa908e8-6fd3-45d9-bee5-a383a4713ffc"}}
{"__type":"$$EventMessageConfirm","confirm":"194a9b67-3b78-4c1b-9cd5-d1dae047e6ab","ts":"2026-05-13T15:36:44.107+07:00","source":{"id":"0","name":"eventBus"}}
{"__type":"$$EventMessageNode","id":"39a6a79e-6587-42cd-b6fc-1ac2765bae61","ts":"2026-05-13T15:36:45.620+07:00","eventName":"n8n.node.finished","message":"n8n.node.finished","payload":{"workflowId":"P0OmfbAIeWALp29h","workflowName":"My workflow 2","executionId":"20","nodeType":"n8n-nodes-base.mqttTrigger","nodeName":"MQTT Trigger","nodeId":"baa908e8-6fd3-45d9-bee5-a383a4713ffc"}}
{"__type":"$$EventMessageConfirm","confirm":"39a6a79e-6587-42cd-b6fc-1ac2765bae61","ts":"2026-05-13T15:36:45.620+07:00","source":{"id":"0","name":"eventBus"}}
{"__type":"$$EventMessageWorkflow","id":"96460bb3-1fa8-46bd-801f-1cf82982ae19","ts":"2026-05-13T15:36:45.625+07:00","eventName":"n8n.workflow.success","message":"n8n.workflow.success","payload":{"userId":"0a843bf0-9d73-4a40-92e2-34a8cf047493","executionId":"20","success":true,"isManual":true,"mode":"manual","workflowId":"P0OmfbAIeWALp29h","workflowName":"My workflow 2","projectId":"yyLdxcqYKHGXLqea","projectName":"Htet Arkar <arkar.acc2003@gmail.com>"}}
{"__type":"$$EventMessageConfirm","confirm":"96460bb3-1fa8-46bd-801f-1cf82982ae19","ts":"2026-05-13T15:36:45.625+07:00","source":{"id":"0","name":"eventBus"}}
{"__type":"$$EventMessageAudit","id":"b8e59361-e225-4440-8281-43e4bfc85fc9","ts":"2026-05-13T15:43:42.890+07:00","eventName":"n8n.audit.workflow.activated","message":"n8n.audit.workflow.activated","payload":{"userId":"0a843bf0-9d73-4a40-92e2-34a8cf047493","_email":"arkar.acc2003@gmail.com","_firstName":"Htet","_lastName":"Arkar","globalRole":"global:owner","workflowId":"P0OmfbAIeWALp29h","workflowName":"My workflow 2","activeVersionId":"500571e9-e613-4616-b1dd-045ae41141b8"}}
{"__type":"$$EventMessageConfirm","confirm":"b8e59361-e225-4440-8281-43e4bfc85fc9","ts":"2026-05-13T15:43:42.891+07:00","source":{"id":"0","name":"eventBus"}}
{"__type":"$$EventMessageWorkflow","id":"1939a999-8d45-4b00-a619-2783d48214de","ts":"2026-05-13T15:43:45.757+07:00","eventName":"n8n.workflow.started","message":"n8n.workflow.started","payload":{"executionId":"21","workflowId":"P0OmfbAIeWALp29h","isManual":false,"mode":"trigger","workflowName":"My workflow 2"}}
{"__type":"$$EventMessageConfirm","confirm":"1939a999-8d45-4b00-a619-2783d48214de","ts":"2026-05-13T15:43:45.757+07:00","source":{"id":"0","name":"eventBus"}}
{"__type":"$$EventMessageAudit","id":"e4176c81-a423-44ed-bb21-e0c3c6b98c4d","ts":"2026-05-13T15:43:45.757+07:00","eventName":"n8n.audit.workflow.executed","message":"n8n.audit.workflow.executed","payload":{"workflowId":"P0OmfbAIeWALp29h","workflowName":"My workflow 2","executionId":"21","source":"trigger"}}
{"__type":"$$EventMessageConfirm","confirm":"e4176c81-a423-44ed-bb21-e0c3c6b98c4d","ts":"2026-05-13T15:43:45.757+07:00","source":{"id":"0","name":"eventBus"}}
{"__type":"$$EventMessageNode","id":"e2345656-307b-4a1e-b8fc-9a19f2d29f9c","ts":"2026-05-13T15:43:45.758+07:00","eventName":"n8n.node.started","message":"n8n.node.started","payload":{"workflowId":"P0OmfbAIeWALp29h","workflowName":"My workflow 2","executionId":"21","nodeType":"n8n-nodes-base.mqttTrigger","nodeName":"MQTT Trigger","nodeId":"baa908e8-6fd3-45d9-bee5-a383a4713ffc"}}
{"__type":"$$EventMessageConfirm","confirm":"e2345656-307b-4a1e-b8fc-9a19f2d29f9c","ts":"2026-05-13T15:43:45.758+07:00","source":{"id":"0","name":"eventBus"}}
{"__type":"$$EventMessageNode","id":"5913b35f-e1a9-4823-b075-55a285019ac6","ts":"2026-05-13T15:43:45.758+07:00","eventName":"n8n.node.finished","message":"n8n.node.finished","payload":{"workflowId":"P0OmfbAIeWALp29h","workflowName":"My workflow 2","executionId":"21","nodeType":"n8n-nodes-base.mqttTrigger","nodeName":"MQTT Trigger","nodeId":"baa908e8-6fd3-45d9-bee5-a383a4713ffc"}}
{"__type":"$$EventMessageConfirm","confirm":"5913b35f-e1a9-4823-b075-55a285019ac6","ts":"2026-05-13T15:43:45.758+07:00","source":{"id":"0","name":"eventBus"}}
{"__type":"$$EventMessageWorkflow","id":"d901535e-ca72-4cd8-9fa8-7129ef7c598e","ts":"2026-05-13T15:43:45.758+07:00","eventName":"n8n.workflow.success","message":"n8n.workflow.success","payload":{"executionId":"21","success":true,"isManual":false,"mode":"trigger","workflowId":"P0OmfbAIeWALp29h","workflowName":"My workflow 2"}}
{"__type":"$$EventMessageConfirm","confirm":"d901535e-ca72-4cd8-9fa8-7129ef7c598e","ts":"2026-05-13T15:43:45.758+07:00","source":{"id":"0","name":"eventBus"}}
{"__type":"$$EventMessageWorkflow","id":"7d892c8b-e077-4b6e-b10a-a6cc732306e6","ts":"2026-05-13T15:43:50.771+07:00","eventName":"n8n.workflow.started","message":"n8n.workflow.started","payload":{"executionId":"22","workflowId":"P0OmfbAIeWALp29h","isManual":false,"mode":"trigger","workflowName":"My workflow 2"}}
{"__type":"$$EventMessageConfirm","confirm":"7d892c8b-e077-4b6e-b10a-a6cc732306e6","ts":"2026-05-13T15:43:50.771+07:00","source":{"id":"0","name":"eventBus"}}
{"__type":"$$EventMessageAudit","id":"35dc67dc-0d78-40a8-95bd-b1dd94bb33b1","ts":"2026-05-13T15:43:50.771+07:00","eventName":"n8n.audit.workflow.executed","message":"n8n.audit.workflow.executed","payload":{"workflowId":"P0OmfbAIeWALp29h","workflowName":"My workflow 2","executionId":"22","source":"trigger"}}
{"__type":"$$EventMessageConfirm","confirm":"35dc67dc-0d78-40a8-95bd-b1dd94bb33b1","ts":"2026-05-13T15:43:50.771+07:00","source":{"id":"0","name":"eventBus"}}
{"__type":"$$EventMessageNode","id":"e2b6d293-2479-4809-9f46-c3cba6f392b4","ts":"2026-05-13T15:43:50.771+07:00","eventName":"n8n.node.started","message":"n8n.node.started","payload":{"workflowId":"P0OmfbAIeWALp29h","workflowName":"My workflow 2","executionId":"22","nodeType":"n8n-nodes-base.mqttTrigger","nodeName":"MQTT Trigger","nodeId":"baa908e8-6fd3-45d9-bee5-a383a4713ffc"}}
{"__type":"$$EventMessageConfirm","confirm":"e2b6d293-2479-4809-9f46-c3cba6f392b4","ts":"2026-05-13T15:43:50.771+07:00","source":{"id":"0","name":"eventBus"}}
{"__type":"$$EventMessageNode","id":"27651ed3-cb56-49f1-a2fc-88436e14a72b","ts":"2026-05-13T15:43:50.771+07:00","eventName":"n8n.node.finished","message":"n8n.node.finished","payload":{"workflowId":"P0OmfbAIeWALp29h","workflowName":"My workflow 2","executionId":"22","nodeType":"n8n-nodes-base.mqttTrigger","nodeName":"MQTT Trigger","nodeId":"baa908e8-6fd3-45d9-bee5-a383a4713ffc"}}
{"__type":"$$EventMessageConfirm","confirm":"27651ed3-cb56-49f1-a2fc-88436e14a72b","ts":"2026-05-13T15:43:50.771+07:00","source":{"id":"0","name":"eventBus"}}
{"__type":"$$EventMessageWorkflow","id":"a0a92993-c828-4579-9637-8a73c382c040","ts":"2026-05-13T15:43:50.772+07:00","eventName":"n8n.workflow.success","message":"n8n.workflow.success","payload":{"executionId":"22","success":true,"isManual":false,"mode":"trigger","workflowId":"P0OmfbAIeWALp29h","workflowName":"My workflow 2"}}
{"__type":"$$EventMessageConfirm","confirm":"a0a92993-c828-4579-9637-8a73c382c040","ts":"2026-05-13T15:43:50.772+07:00","source":{"id":"0","name":"eventBus"}}
{"__type":"$$EventMessageWorkflow","id":"e5c89175-13c2-441f-a06a-38c352345cae","ts":"2026-05-13T15:43:55.771+07:00","eventName":"n8n.workflow.started","message":"n8n.workflow.started","payload":{"executionId":"23","workflowId":"P0OmfbAIeWALp29h","isManual":false,"mode":"trigger","workflowName":"My workflow 2"}}
{"__type":"$$EventMessageConfirm","confirm":"e5c89175-13c2-441f-a06a-38c352345cae","ts":"2026-05-13T15:43:55.771+07:00","source":{"id":"0","name":"eventBus"}}
{"__type":"$$EventMessageAudit","id":"b6af1447-dbdc-4de1-9879-1013e1dea1f0","ts":"2026-05-13T15:43:55.771+07:00","eventName":"n8n.audit.workflow.executed","message":"n8n.audit.workflow.executed","payload":{"workflowId":"P0OmfbAIeWALp29h","workflowName":"My workflow 2","executionId":"23","source":"trigger"}}
{"__type":"$$EventMessageConfirm","confirm":"b6af1447-dbdc-4de1-9879-1013e1dea1f0","ts":"2026-05-13T15:43:55.771+07:00","source":{"id":"0","name":"eventBus"}}
{"__type":"$$EventMessageNode","id":"985733c3-2b75-411c-bd98-d54274704bfb","ts":"2026-05-13T15:43:55.772+07:00","eventName":"n8n.node.started","message":"n8n.node.started","payload":{"workflowId":"P0OmfbAIeWALp29h","workflowName":"My workflow 2","executionId":"23","nodeType":"n8n-nodes-base.mqttTrigger","nodeName":"MQTT Trigger","nodeId":"baa908e8-6fd3-45d9-bee5-a383a4713ffc"}}
{"__type":"$$EventMessageConfirm","confirm":"985733c3-2b75-411c-bd98-d54274704bfb","ts":"2026-05-13T15:43:55.772+07:00","source":{"id":"0","name":"eventBus"}}
{"__type":"$$EventMessageNode","id":"bfadf862-f09c-42de-95d8-21bd968dc0f7","ts":"2026-05-13T15:43:55.772+07:00","eventName":"n8n.node.finished","message":"n8n.node.finished","payload":{"workflowId":"P0OmfbAIeWALp29h","workflowName":"My workflow 2","executionId":"23","nodeType":"n8n-nodes-base.mqttTrigger","nodeName":"MQTT Trigger","nodeId":"baa908e8-6fd3-45d9-bee5-a383a4713ffc"}}
{"__type":"$$EventMessageConfirm","confirm":"bfadf862-f09c-42de-95d8-21bd968dc0f7","ts":"2026-05-13T15:43:55.772+07:00","source":{"id":"0","name":"eventBus"}}
{"__type":"$$EventMessageWorkflow","id":"02e99eb3-6312-4e60-bc44-a19e35eb490f","ts":"2026-05-13T15:43:55.772+07:00","eventName":"n8n.workflow.success","message":"n8n.workflow.success","payload":{"executionId":"23","success":true,"isManual":false,"mode":"trigger","workflowId":"P0OmfbAIeWALp29h","workflowName":"My workflow 2"}}
{"__type":"$$EventMessageConfirm","confirm":"02e99eb3-6312-4e60-bc44-a19e35eb490f","ts":"2026-05-13T15:43:55.772+07:00","source":{"id":"0","name":"eventBus"}}
{"__type":"$$EventMessageAudit","id":"ffae07f9-af98-415c-a049-c06fac292959","ts":"2026-05-13T15:43:56.462+07:00","eventName":"n8n.audit.workflow.executed","message":"n8n.audit.workflow.executed","payload":{"userId":"0a843bf0-9d73-4a40-92e2-34a8cf047493","_email":"arkar.acc2003@gmail.com","_firstName":"Htet","_lastName":"Arkar","globalRole":"global:owner","workflowId":"P0OmfbAIeWALp29h","workflowName":"My workflow 2","executionId":"24","source":"user-manual"}}
{"__type":"$$EventMessageConfirm","confirm":"ffae07f9-af98-415c-a049-c06fac292959","ts":"2026-05-13T15:43:56.462+07:00","source":{"id":"0","name":"eventBus"}}
{"__type":"$$EventMessageWorkflow","id":"d44762ed-adbb-45b8-b634-ddbd46dbda53","ts":"2026-05-13T15:43:56.462+07:00","eventName":"n8n.workflow.started","message":"n8n.workflow.started","payload":{"executionId":"24","workflowId":"P0OmfbAIeWALp29h","isManual":false,"mode":"manual","workflowName":"My workflow 2","projectId":"yyLdxcqYKHGXLqea","projectName":"Htet Arkar <arkar.acc2003@gmail.com>"}}
{"__type":"$$EventMessageConfirm","confirm":"d44762ed-adbb-45b8-b634-ddbd46dbda53","ts":"2026-05-13T15:43:56.462+07:00","source":{"id":"0","name":"eventBus"}}
{"__type":"$$EventMessageNode","id":"6518cb1c-94ec-40e9-a4fb-476e89bb6548","ts":"2026-05-13T15:43:56.475+07:00","eventName":"n8n.node.started","message":"n8n.node.started","payload":{"workflowId":"P0OmfbAIeWALp29h","workflowName":"My workflow 2","executionId":"24","nodeType":"n8n-nodes-base.mqttTrigger","nodeName":"MQTT Trigger","nodeId":"baa908e8-6fd3-45d9-bee5-a383a4713ffc"}}
{"__type":"$$EventMessageConfirm","confirm":"6518cb1c-94ec-40e9-a4fb-476e89bb6548","ts":"2026-05-13T15:43:56.475+07:00","source":{"id":"0","name":"eventBus"}}
{"__type":"$$EventMessageNode","id":"6e710ced-0ea5-4e30-8804-69367abebc3e","ts":"2026-05-13T15:44:00.725+07:00","eventName":"n8n.node.finished","message":"n8n.node.finished","payload":{"workflowId":"P0OmfbAIeWALp29h","workflowName":"My workflow 2","executionId":"24","nodeType":"n8n-nodes-base.mqttTrigger","nodeName":"MQTT Trigger","nodeId":"baa908e8-6fd3-45d9-bee5-a383a4713ffc"}}
{"__type":"$$EventMessageConfirm","confirm":"6e710ced-0ea5-4e30-8804-69367abebc3e","ts":"2026-05-13T15:44:00.726+07:00","source":{"id":"0","name":"eventBus"}}
{"__type":"$$EventMessageWorkflow","id":"c4c119cd-eedb-4734-b500-df69d5022445","ts":"2026-05-13T15:44:00.731+07:00","eventName":"n8n.workflow.success","message":"n8n.workflow.success","payload":{"userId":"0a843bf0-9d73-4a40-92e2-34a8cf047493","executionId":"24","success":true,"isManual":true,"mode":"manual","workflowId":"P0OmfbAIeWALp29h","workflowName":"My workflow 2","projectId":"yyLdxcqYKHGXLqea","projectName":"Htet Arkar <arkar.acc2003@gmail.com>"}}
{"__type":"$$EventMessageConfirm","confirm":"c4c119cd-eedb-4734-b500-df69d5022445","ts":"2026-05-13T15:44:00.731+07:00","source":{"id":"0","name":"eventBus"}}
{"__type":"$$EventMessageWorkflow","id":"a2062582-0561-449f-aa17-0e2a45993f40","ts":"2026-05-13T15:44:00.800+07:00","eventName":"n8n.workflow.started","message":"n8n.workflow.started","payload":{"executionId":"25","workflowId":"P0OmfbAIeWALp29h","isManual":false,"mode":"trigger","workflowName":"My workflow 2"}}
{"__type":"$$EventMessageConfirm","confirm":"a2062582-0561-449f-aa17-0e2a45993f40","ts":"2026-05-13T15:44:00.800+07:00","source":{"id":"0","name":"eventBus"}}
{"__type":"$$EventMessageAudit","id":"9574b8aa-2d75-41c3-9e55-e4e8d973a5c1","ts":"2026-05-13T15:44:00.801+07:00","eventName":"n8n.audit.workflow.executed","message":"n8n.audit.workflow.executed","payload":{"workflowId":"P0OmfbAIeWALp29h","workflowName":"My workflow 2","executionId":"25","source":"trigger"}}
{"__type":"$$EventMessageConfirm","confirm":"9574b8aa-2d75-41c3-9e55-e4e8d973a5c1","ts":"2026-05-13T15:44:00.801+07:00","source":{"id":"0","name":"eventBus"}}
{"__type":"$$EventMessageNode","id":"9961edd6-4fbc-427a-969c-a36f0b3d25f3","ts":"2026-05-13T15:44:00.801+07:00","eventName":"n8n.node.started","message":"n8n.node.started","payload":{"workflowId":"P0OmfbAIeWALp29h","workflowName":"My workflow 2","executionId":"25","nodeType":"n8n-nodes-base.mqttTrigger","nodeName":"MQTT Trigger","nodeId":"baa908e8-6fd3-45d9-bee5-a383a4713ffc"}}
{"__type":"$$EventMessageConfirm","confirm":"9961edd6-4fbc-427a-969c-a36f0b3d25f3","ts":"2026-05-13T15:44:00.801+07:00","source":{"id":"0","name":"eventBus"}}
{"__type":"$$EventMessageNode","id":"c66a829d-0364-4bfe-b9b7-c33fe5077024","ts":"2026-05-13T15:44:00.802+07:00","eventName":"n8n.node.finished","message":"n8n.node.finished","payload":{"workflowId":"P0OmfbAIeWALp29h","workflowName":"My workflow 2","executionId":"25","nodeType":"n8n-nodes-base.mqttTrigger","nodeName":"MQTT Trigger","nodeId":"baa908e8-6fd3-45d9-bee5-a383a4713ffc"}}
{"__type":"$$EventMessageConfirm","confirm":"c66a829d-0364-4bfe-b9b7-c33fe5077024","ts":"2026-05-13T15:44:00.802+07:00","source":{"id":"0","name":"eventBus"}}
{"__type":"$$EventMessageWorkflow","id":"51623c73-4015-48f0-9fd9-2457ec611b9b","ts":"2026-05-13T15:44:00.802+07:00","eventName":"n8n.workflow.success","message":"n8n.workflow.success","payload":{"executionId":"25","success":true,"isManual":false,"mode":"trigger","workflowId":"P0OmfbAIeWALp29h","workflowName":"My workflow 2"}}
{"__type":"$$EventMessageConfirm","confirm":"51623c73-4015-48f0-9fd9-2457ec611b9b","ts":"2026-05-13T15:44:00.802+07:00","source":{"id":"0","name":"eventBus"}}
{"__type":"$$EventMessageWorkflow","id":"04b3a391-5286-457e-b1b0-a7d1cf122acd","ts":"2026-05-13T15:44:05.776+07:00","eventName":"n8n.workflow.started","message":"n8n.workflow.started","payload":{"executionId":"26","workflowId":"P0OmfbAIeWALp29h","isManual":false,"mode":"trigger","workflowName":"My workflow 2"}}
{"__type":"$$EventMessageConfirm","confirm":"04b3a391-5286-457e-b1b0-a7d1cf122acd","ts":"2026-05-13T15:44:05.776+07:00","source":{"id":"0","name":"eventBus"}}
{"__type":"$$EventMessageAudit","id":"25a24ca2-25a2-4138-8e80-bb448b92d909","ts":"2026-05-13T15:44:05.776+07:00","eventName":"n8n.audit.workflow.executed","message":"n8n.audit.workflow.executed","payload":{"workflowId":"P0OmfbAIeWALp29h","workflowName":"My workflow 2","executionId":"26","source":"trigger"}}
{"__type":"$$EventMessageConfirm","confirm":"25a24ca2-25a2-4138-8e80-bb448b92d909","ts":"2026-05-13T15:44:05.776+07:00","source":{"id":"0","name":"eventBus"}}
{"__type":"$$EventMessageNode","id":"80afb925-3255-473d-8cf8-b2a74f7720af","ts":"2026-05-13T15:44:05.776+07:00","eventName":"n8n.node.started","message":"n8n.node.started","payload":{"workflowId":"P0OmfbAIeWALp29h","workflowName":"My workflow 2","executionId":"26","nodeType":"n8n-nodes-base.mqttTrigger","nodeName":"MQTT Trigger","nodeId":"baa908e8-6fd3-45d9-bee5-a383a4713ffc"}}
{"__type":"$$EventMessageConfirm","confirm":"80afb925-3255-473d-8cf8-b2a74f7720af","ts":"2026-05-13T15:44:05.776+07:00","source":{"id":"0","name":"eventBus"}}
{"__type":"$$EventMessageNode","id":"0ffd948e-17b8-4873-b62d-264c6f778c21","ts":"2026-05-13T15:44:05.776+07:00","eventName":"n8n.node.finished","message":"n8n.node.finished","payload":{"workflowId":"P0OmfbAIeWALp29h","workflowName":"My workflow 2","executionId":"26","nodeType":"n8n-nodes-base.mqttTrigger","nodeName":"MQTT Trigger","nodeId":"baa908e8-6fd3-45d9-bee5-a383a4713ffc"}}
{"__type":"$$EventMessageConfirm","confirm":"0ffd948e-17b8-4873-b62d-264c6f778c21","ts":"2026-05-13T15:44:05.776+07:00","source":{"id":"0","name":"eventBus"}}
{"__type":"$$EventMessageWorkflow","id":"e43c30bc-71d7-4232-a65e-041e4e339f94","ts":"2026-05-13T15:44:05.776+07:00","eventName":"n8n.workflow.success","message":"n8n.workflow.success","payload":{"executionId":"26","success":true,"isManual":false,"mode":"trigger","workflowId":"P0OmfbAIeWALp29h","workflowName":"My workflow 2"}}
{"__type":"$$EventMessageConfirm","confirm":"e43c30bc-71d7-4232-a65e-041e4e339f94","ts":"2026-05-13T15:44:05.776+07:00","source":{"id":"0","name":"eventBus"}}
{"__type":"$$EventMessageAudit","id":"8731b3c4-8307-4707-a405-211c111ea234","ts":"2026-05-13T15:44:09.440+07:00","eventName":"n8n.audit.workflow.deactivated","message":"n8n.audit.workflow.deactivated","payload":{"userId":"0a843bf0-9d73-4a40-92e2-34a8cf047493","_email":"arkar.acc2003@gmail.com","_firstName":"Htet","_lastName":"Arkar","globalRole":"global:owner","workflowId":"P0OmfbAIeWALp29h","workflowName":"My workflow 2","deactivatedVersionId":"500571e9-e613-4616-b1dd-045ae41141b8"}}
{"__type":"$$EventMessageConfirm","confirm":"8731b3c4-8307-4707-a405-211c111ea234","ts":"2026-05-13T15:44:09.440+07:00","source":{"id":"0","name":"eventBus"}}
{"__type":"$$EventMessageAudit","id":"dc0e4e69-ac71-4735-bc52-247e394ce08e","ts":"2026-05-13T15:48:43.510+07:00","eventName":"n8n.audit.workflow.updated","message":"n8n.audit.workflow.updated","payload":{"userId":"0a843bf0-9d73-4a40-92e2-34a8cf047493","_email":"arkar.acc2003@gmail.com","_firstName":"Htet","_lastName":"Arkar","globalRole":"global:owner","workflowId":"P0OmfbAIeWALp29h","workflowName":"My workflow 2"}}
{"__type":"$$EventMessageConfirm","confirm":"dc0e4e69-ac71-4735-bc52-247e394ce08e","ts":"2026-05-13T15:48:43.511+07:00","source":{"id":"0","name":"eventBus"}}
{"__type":"$$EventMessageAudit","id":"d78449bb-951a-4ac3-a8d1-4b9655b2b3bd","ts":"2026-05-13T15:48:54.227+07:00","eventName":"n8n.audit.workflow.executed","message":"n8n.audit.workflow.executed","payload":{"userId":"0a843bf0-9d73-4a40-92e2-34a8cf047493","_email":"arkar.acc2003@gmail.com","_firstName":"Htet","_lastName":"Arkar","globalRole":"global:owner","workflowId":"P0OmfbAIeWALp29h","workflowName":"My workflow 2","executionId":"27","source":"user-manual"}}
{"__type":"$$EventMessageConfirm","confirm":"d78449bb-951a-4ac3-a8d1-4b9655b2b3bd","ts":"2026-05-13T15:48:54.227+07:00","source":{"id":"0","name":"eventBus"}}
{"__type":"$$EventMessageWorkflow","id":"64f8c450-403f-4646-a248-e13394a84232","ts":"2026-05-13T15:48:54.227+07:00","eventName":"n8n.workflow.started","message":"n8n.workflow.started","payload":{"executionId":"27","workflowId":"P0OmfbAIeWALp29h","isManual":false,"mode":"manual","workflowName":"My workflow 2","projectId":"yyLdxcqYKHGXLqea","projectName":"Htet Arkar <arkar.acc2003@gmail.com>"}}
{"__type":"$$EventMessageConfirm","confirm":"64f8c450-403f-4646-a248-e13394a84232","ts":"2026-05-13T15:48:54.228+07:00","source":{"id":"0","name":"eventBus"}}
{"__type":"$$EventMessageNode","id":"f2fc9f12-fb19-4860-af71-0b7fe9260be3","ts":"2026-05-13T15:48:54.242+07:00","eventName":"n8n.node.started","message":"n8n.node.started","payload":{"workflowId":"P0OmfbAIeWALp29h","workflowName":"My workflow 2","executionId":"27","nodeType":"n8n-nodes-base.mqttTrigger","nodeName":"MQTT Trigger","nodeId":"baa908e8-6fd3-45d9-bee5-a383a4713ffc"}}
{"__type":"$$EventMessageConfirm","confirm":"f2fc9f12-fb19-4860-af71-0b7fe9260be3","ts":"2026-05-13T15:48:54.242+07:00","source":{"id":"0","name":"eventBus"}}
{"__type":"$$EventMessageNode","id":"5c492531-39c8-4318-be6e-77d308d4a20a","ts":"2026-05-13T15:48:55.792+07:00","eventName":"n8n.node.finished","message":"n8n.node.finished","payload":{"workflowId":"P0OmfbAIeWALp29h","workflowName":"My workflow 2","executionId":"27","nodeType":"n8n-nodes-base.mqttTrigger","nodeName":"MQTT Trigger","nodeId":"baa908e8-6fd3-45d9-bee5-a383a4713ffc"}}
{"__type":"$$EventMessageConfirm","confirm":"5c492531-39c8-4318-be6e-77d308d4a20a","ts":"2026-05-13T15:48:55.792+07:00","source":{"id":"0","name":"eventBus"}}
{"__type":"$$EventMessageNode","id":"4940d8b2-bbef-4c96-9e30-ab9b7d2d081f","ts":"2026-05-13T15:48:55.794+07:00","eventName":"n8n.node.started","message":"n8n.node.started","payload":{"workflowId":"P0OmfbAIeWALp29h","workflowName":"My workflow 2","executionId":"27","nodeType":"n8n-nodes-base.if","nodeName":"If","nodeId":"c98917a8-1c67-4489-b800-c1b094f4034c"}}
{"__type":"$$EventMessageConfirm","confirm":"4940d8b2-bbef-4c96-9e30-ab9b7d2d081f","ts":"2026-05-13T15:48:55.794+07:00","source":{"id":"0","name":"eventBus"}}
{"__type":"$$EventMessageNode","id":"e2d5d2b5-c7d1-4ca7-93df-e6477cb00914","ts":"2026-05-13T15:48:55.800+07:00","eventName":"n8n.node.finished","message":"n8n.node.finished","payload":{"workflowId":"P0OmfbAIeWALp29h","workflowName":"My workflow 2","executionId":"27","nodeType":"n8n-nodes-base.if","nodeName":"If","nodeId":"c98917a8-1c67-4489-b800-c1b094f4034c"}}
{"__type":"$$EventMessageConfirm","confirm":"e2d5d2b5-c7d1-4ca7-93df-e6477cb00914","ts":"2026-05-13T15:48:55.800+07:00","source":{"id":"0","name":"eventBus"}}
{"__type":"$$EventMessageWorkflow","id":"b86a0795-94ca-4203-91ce-fb1d2d0fdf7b","ts":"2026-05-13T15:48:55.804+07:00","eventName":"n8n.workflow.success","message":"n8n.workflow.success","payload":{"userId":"0a843bf0-9d73-4a40-92e2-34a8cf047493","executionId":"27","success":true,"isManual":true,"mode":"manual","workflowId":"P0OmfbAIeWALp29h","workflowName":"My workflow 2","projectId":"yyLdxcqYKHGXLqea","projectName":"Htet Arkar <arkar.acc2003@gmail.com>"}}
{"__type":"$$EventMessageConfirm","confirm":"b86a0795-94ca-4203-91ce-fb1d2d0fdf7b","ts":"2026-05-13T15:48:55.805+07:00","source":{"id":"0","name":"eventBus"}}
{"__type":"$$EventMessageAudit","id":"a9ac1827-37b3-48d2-ac0a-655fbde07a4f","ts":"2026-05-13T15:49:12.683+07:00","eventName":"n8n.audit.workflow.updated","message":"n8n.audit.workflow.updated","payload":{"userId":"0a843bf0-9d73-4a40-92e2-34a8cf047493","_email":"arkar.acc2003@gmail.com","_firstName":"Htet","_lastName":"Arkar","globalRole":"global:owner","workflowId":"P0OmfbAIeWALp29h","workflowName":"My workflow 2"}}
{"__type":"$$EventMessageConfirm","confirm":"a9ac1827-37b3-48d2-ac0a-655fbde07a4f","ts":"2026-05-13T15:49:12.683+07:00","source":{"id":"0","name":"eventBus"}}
{"__type":"$$EventMessageAudit","id":"406f276f-9685-4c70-b466-1325d1dd0590","ts":"2026-05-13T15:49:22.117+07:00","eventName":"n8n.audit.workflow.updated","message":"n8n.audit.workflow.updated","payload":{"userId":"0a843bf0-9d73-4a40-92e2-34a8cf047493","_email":"arkar.acc2003@gmail.com","_firstName":"Htet","_lastName":"Arkar","globalRole":"global:owner","workflowId":"P0OmfbAIeWALp29h","workflowName":"My workflow 2"}}
{"__type":"$$EventMessageConfirm","confirm":"406f276f-9685-4c70-b466-1325d1dd0590","ts":"2026-05-13T15:49:22.117+07:00","source":{"id":"0","name":"eventBus"}}
{"__type":"$$EventMessageAudit","id":"455c65cb-f776-46a5-a5d9-b96dc9ca8d67","ts":"2026-05-13T15:49:24.536+07:00","eventName":"n8n.audit.workflow.updated","message":"n8n.audit.workflow.updated","payload":{"userId":"0a843bf0-9d73-4a40-92e2-34a8cf047493","_email":"arkar.acc2003@gmail.com","_firstName":"Htet","_lastName":"Arkar","globalRole":"global:owner","workflowId":"P0OmfbAIeWALp29h","workflowName":"My workflow 2"}}
{"__type":"$$EventMessageConfirm","confirm":"455c65cb-f776-46a5-a5d9-b96dc9ca8d67","ts":"2026-05-13T15:49:24.536+07:00","source":{"id":"0","name":"eventBus"}}
{"__type":"$$EventMessageAudit","id":"dc64850a-0c5a-406b-b3e1-45493a38f61d","ts":"2026-05-13T15:49:27.614+07:00","eventName":"n8n.audit.workflow.updated","message":"n8n.audit.workflow.updated","payload":{"userId":"0a843bf0-9d73-4a40-92e2-34a8cf047493","_email":"arkar.acc2003@gmail.com","_firstName":"Htet","_lastName":"Arkar","globalRole":"global:owner","workflowId":"P0OmfbAIeWALp29h","workflowName":"My workflow 2"}}
{"__type":"$$EventMessageConfirm","confirm":"dc64850a-0c5a-406b-b3e1-45493a38f61d","ts":"2026-05-13T15:49:27.614+07:00","source":{"id":"0","name":"eventBus"}}
{"__type":"$$EventMessageAudit","id":"cd038b1a-59c6-40a3-ba65-921c20af1d57","ts":"2026-05-13T15:49:29.409+07:00","eventName":"n8n.audit.workflow.updated","message":"n8n.audit.workflow.updated","payload":{"userId":"0a843bf0-9d73-4a40-92e2-34a8cf047493","_email":"arkar.acc2003@gmail.com","_firstName":"Htet","_lastName":"Arkar","globalRole":"global:owner","workflowId":"P0OmfbAIeWALp29h","workflowName":"My workflow 2"}}
{"__type":"$$EventMessageConfirm","confirm":"cd038b1a-59c6-40a3-ba65-921c20af1d57","ts":"2026-05-13T15:49:29.409+07:00","source":{"id":"0","name":"eventBus"}}
{"__type":"$$EventMessageAudit","id":"e0f0aad8-f75b-4f2c-b95c-53fec419efd0","ts":"2026-05-13T15:49:44.814+07:00","eventName":"n8n.audit.workflow.updated","message":"n8n.audit.workflow.updated","payload":{"userId":"0a843bf0-9d73-4a40-92e2-34a8cf047493","_email":"arkar.acc2003@gmail.com","_firstName":"Htet","_lastName":"Arkar","globalRole":"global:owner","workflowId":"P0OmfbAIeWALp29h","workflowName":"My workflow 2"}}
{"__type":"$$EventMessageConfirm","confirm":"e0f0aad8-f75b-4f2c-b95c-53fec419efd0","ts":"2026-05-13T15:49:44.815+07:00","source":{"id":"0","name":"eventBus"}}
{"__type":"$$EventMessageAudit","id":"680976ba-b792-4894-828f-5558fac189c3","ts":"2026-05-13T15:49:47.001+07:00","eventName":"n8n.audit.workflow.updated","message":"n8n.audit.workflow.updated","payload":{"userId":"0a843bf0-9d73-4a40-92e2-34a8cf047493","_email":"arkar.acc2003@gmail.com","_firstName":"Htet","_lastName":"Arkar","globalRole":"global:owner","workflowId":"P0OmfbAIeWALp29h","workflowName":"My workflow 2"}}
{"__type":"$$EventMessageConfirm","confirm":"680976ba-b792-4894-828f-5558fac189c3","ts":"2026-05-13T15:49:47.001+07:00","source":{"id":"0","name":"eventBus"}}
{"__type":"$$EventMessageAudit","id":"1c2752ea-20c5-41cd-984f-225d07bc4740","ts":"2026-05-13T15:50:36.015+07:00","eventName":"n8n.audit.workflow.updated","message":"n8n.audit.workflow.updated","payload":{"userId":"0a843bf0-9d73-4a40-92e2-34a8cf047493","_email":"arkar.acc2003@gmail.com","_firstName":"Htet","_lastName":"Arkar","globalRole":"global:owner","workflowId":"P0OmfbAIeWALp29h","workflowName":"My workflow 2"}}
{"__type":"$$EventMessageConfirm","confirm":"1c2752ea-20c5-41cd-984f-225d07bc4740","ts":"2026-05-13T15:50:36.015+07:00","source":{"id":"0","name":"eventBus"}}
{"__type":"$$EventMessageAudit","id":"d4a7b992-e82f-49ea-9095-a62586b1c629","ts":"2026-05-13T15:50:40.632+07:00","eventName":"n8n.audit.workflow.updated","message":"n8n.audit.workflow.updated","payload":{"userId":"0a843bf0-9d73-4a40-92e2-34a8cf047493","_email":"arkar.acc2003@gmail.com","_firstName":"Htet","_lastName":"Arkar","globalRole":"global:owner","workflowId":"P0OmfbAIeWALp29h","workflowName":"My workflow 2"}}
{"__type":"$$EventMessageConfirm","confirm":"d4a7b992-e82f-49ea-9095-a62586b1c629","ts":"2026-05-13T15:50:40.632+07:00","source":{"id":"0","name":"eventBus"}}
{"__type":"$$EventMessageAudit","id":"f560c452-b91e-4be5-8c4d-9ca0e747d8be","ts":"2026-05-13T15:50:47.514+07:00","eventName":"n8n.audit.workflow.updated","message":"n8n.audit.workflow.updated","payload":{"userId":"0a843bf0-9d73-4a40-92e2-34a8cf047493","_email":"arkar.acc2003@gmail.com","_firstName":"Htet","_lastName":"Arkar","globalRole":"global:owner","workflowId":"P0OmfbAIeWALp29h","workflowName":"My workflow 2"}}
{"__type":"$$EventMessageConfirm","confirm":"f560c452-b91e-4be5-8c4d-9ca0e747d8be","ts":"2026-05-13T15:50:47.514+07:00","source":{"id":"0","name":"eventBus"}}
{"__type":"$$EventMessageAudit","id":"765f9692-980b-45bd-8d26-5fecdbbb733a","ts":"2026-05-13T15:50:51.467+07:00","eventName":"n8n.audit.workflow.updated","message":"n8n.audit.workflow.updated","payload":{"userId":"0a843bf0-9d73-4a40-92e2-34a8cf047493","_email":"arkar.acc2003@gmail.com","_firstName":"Htet","_lastName":"Arkar","globalRole":"global:owner","workflowId":"P0OmfbAIeWALp29h","workflowName":"My workflow 2"}}
{"__type":"$$EventMessageConfirm","confirm":"765f9692-980b-45bd-8d26-5fecdbbb733a","ts":"2026-05-13T15:50:51.468+07:00","source":{"id":"0","name":"eventBus"}}
{"__type":"$$EventMessageAudit","id":"002b405c-e075-4366-a786-35aea4a077a6","ts":"2026-05-13T15:50:53.690+07:00","eventName":"n8n.audit.workflow.updated","message":"n8n.audit.workflow.updated","payload":{"userId":"0a843bf0-9d73-4a40-92e2-34a8cf047493","_email":"arkar.acc2003@gmail.com","_firstName":"Htet","_lastName":"Arkar","globalRole":"global:owner","workflowId":"P0OmfbAIeWALp29h","workflowName":"My workflow 2"}}
{"__type":"$$EventMessageConfirm","confirm":"002b405c-e075-4366-a786-35aea4a077a6","ts":"2026-05-13T15:50:53.690+07:00","source":{"id":"0","name":"eventBus"}}
{"__type":"$$EventMessageAudit","id":"63c80a3f-6abc-4586-b594-d01cd7bbf773","ts":"2026-05-13T15:50:59.925+07:00","eventName":"n8n.audit.workflow.updated","message":"n8n.audit.workflow.updated","payload":{"userId":"0a843bf0-9d73-4a40-92e2-34a8cf047493","_email":"arkar.acc2003@gmail.com","_firstName":"Htet","_lastName":"Arkar","globalRole":"global:owner","workflowId":"P0OmfbAIeWALp29h","workflowName":"My workflow 2"}}
{"__type":"$$EventMessageConfirm","confirm":"63c80a3f-6abc-4586-b594-d01cd7bbf773","ts":"2026-05-13T15:50:59.925+07:00","source":{"id":"0","name":"eventBus"}}
{"__type":"$$EventMessageAudit","id":"53708ba6-f5ec-4b86-9c77-cca05c04ad0d","ts":"2026-05-13T15:51:01.772+07:00","eventName":"n8n.audit.workflow.updated","message":"n8n.audit.workflow.updated","payload":{"userId":"0a843bf0-9d73-4a40-92e2-34a8cf047493","_email":"arkar.acc2003@gmail.com","_firstName":"Htet","_lastName":"Arkar","globalRole":"global:owner","workflowId":"P0OmfbAIeWALp29h","workflowName":"My workflow 2"}}
{"__type":"$$EventMessageConfirm","confirm":"53708ba6-f5ec-4b86-9c77-cca05c04ad0d","ts":"2026-05-13T15:51:01.772+07:00","source":{"id":"0","name":"eventBus"}}
{"__type":"$$EventMessageAudit","id":"9433572f-c7c1-4d8b-8d03-b7d17cb5c0af","ts":"2026-05-13T15:51:49.077+07:00","eventName":"n8n.audit.workflow.executed","message":"n8n.audit.workflow.executed","payload":{"userId":"0a843bf0-9d73-4a40-92e2-34a8cf047493","_email":"arkar.acc2003@gmail.com","_firstName":"Htet","_lastName":"Arkar","globalRole":"global:owner","workflowId":"P0OmfbAIeWALp29h","workflowName":"My workflow 2","executionId":"28","source":"user-manual"}}
{"__type":"$$EventMessageConfirm","confirm":"9433572f-c7c1-4d8b-8d03-b7d17cb5c0af","ts":"2026-05-13T15:51:49.077+07:00","source":{"id":"0","name":"eventBus"}}
{"__type":"$$EventMessageWorkflow","id":"5899980d-28e3-4e09-be16-9035c5fc45e0","ts":"2026-05-13T15:51:49.077+07:00","eventName":"n8n.workflow.started","message":"n8n.workflow.started","payload":{"executionId":"28","workflowId":"P0OmfbAIeWALp29h","isManual":false,"mode":"manual","workflowName":"My workflow 2","projectId":"yyLdxcqYKHGXLqea","projectName":"Htet Arkar <arkar.acc2003@gmail.com>"}}
{"__type":"$$EventMessageConfirm","confirm":"5899980d-28e3-4e09-be16-9035c5fc45e0","ts":"2026-05-13T15:51:49.077+07:00","source":{"id":"0","name":"eventBus"}}
{"__type":"$$EventMessageNode","id":"e5dc619f-3c71-4c71-9de2-6951179a63a4","ts":"2026-05-13T15:51:49.090+07:00","eventName":"n8n.node.started","message":"n8n.node.started","payload":{"workflowId":"P0OmfbAIeWALp29h","workflowName":"My workflow 2","executionId":"28","nodeType":"n8n-nodes-base.mqttTrigger","nodeName":"MQTT Trigger","nodeId":"baa908e8-6fd3-45d9-bee5-a383a4713ffc"}}
{"__type":"$$EventMessageConfirm","confirm":"e5dc619f-3c71-4c71-9de2-6951179a63a4","ts":"2026-05-13T15:51:49.091+07:00","source":{"id":"0","name":"eventBus"}}
{"__type":"$$EventMessageNode","id":"25d5f942-1d91-4dcf-9058-aee9f003646a","ts":"2026-05-13T15:51:50.831+07:00","eventName":"n8n.node.finished","message":"n8n.node.finished","payload":{"workflowId":"P0OmfbAIeWALp29h","workflowName":"My workflow 2","executionId":"28","nodeType":"n8n-nodes-base.mqttTrigger","nodeName":"MQTT Trigger","nodeId":"baa908e8-6fd3-45d9-bee5-a383a4713ffc"}}
{"__type":"$$EventMessageConfirm","confirm":"25d5f942-1d91-4dcf-9058-aee9f003646a","ts":"2026-05-13T15:51:50.831+07:00","source":{"id":"0","name":"eventBus"}}
{"__type":"$$EventMessageNode","id":"b740bd47-daed-479a-8024-fedcb477486b","ts":"2026-05-13T15:51:50.833+07:00","eventName":"n8n.node.started","message":"n8n.node.started","payload":{"workflowId":"P0OmfbAIeWALp29h","workflowName":"My workflow 2","executionId":"28","nodeType":"n8n-nodes-base.if","nodeName":"If","nodeId":"c98917a8-1c67-4489-b800-c1b094f4034c"}}
{"__type":"$$EventMessageConfirm","confirm":"b740bd47-daed-479a-8024-fedcb477486b","ts":"2026-05-13T15:51:50.833+07:00","source":{"id":"0","name":"eventBus"}}
{"__type":"$$EventMessageNode","id":"90e0b68a-b1c3-46d2-8a4b-98778a8186d2","ts":"2026-05-13T15:51:50.900+07:00","eventName":"n8n.node.finished","message":"n8n.node.finished","payload":{"workflowId":"P0OmfbAIeWALp29h","workflowName":"My workflow 2","executionId":"28","nodeType":"n8n-nodes-base.if","nodeName":"If","nodeId":"c98917a8-1c67-4489-b800-c1b094f4034c"}}
{"__type":"$$EventMessageConfirm","confirm":"90e0b68a-b1c3-46d2-8a4b-98778a8186d2","ts":"2026-05-13T15:51:50.900+07:00","source":{"id":"0","name":"eventBus"}}
{"__type":"$$EventMessageWorkflow","id":"8c8c5425-6447-430e-b948-0029bd1dab17","ts":"2026-05-13T15:51:50.907+07:00","eventName":"n8n.workflow.success","message":"n8n.workflow.success","payload":{"userId":"0a843bf0-9d73-4a40-92e2-34a8cf047493","executionId":"28","success":true,"isManual":true,"mode":"manual","workflowId":"P0OmfbAIeWALp29h","workflowName":"My workflow 2","projectId":"yyLdxcqYKHGXLqea","projectName":"Htet Arkar <arkar.acc2003@gmail.com>"}}
{"__type":"$$EventMessageConfirm","confirm":"8c8c5425-6447-430e-b948-0029bd1dab17","ts":"2026-05-13T15:51:50.907+07:00","source":{"id":"0","name":"eventBus"}}
{"__type":"$$EventMessageWorkflow","id":"70aae4c0-0b69-4b91-82c5-871db6a9433c","ts":"2026-05-13T15:51:50.937+07:00","eventName":"n8n.workflow.cancelled","message":"n8n.workflow.cancelled","payload":{"executionId":"28","workflowId":"P0OmfbAIeWALp29h","workflowName":"My workflow 2","reason":"manual"}}
{"__type":"$$EventMessageConfirm","confirm":"70aae4c0-0b69-4b91-82c5-871db6a9433c","ts":"2026-05-13T15:51:50.937+07:00","source":{"id":"0","name":"eventBus"}}
{"__type":"$$EventMessageWorkflow","id":"882bdcd4-97dc-46b4-96dc-39b108ab8f19","ts":"2026-05-13T15:51:50.938+07:00","eventName":"n8n.workflow.failed","message":"n8n.workflow.failed","payload":{"userId":"0a843bf0-9d73-4a40-92e2-34a8cf047493","executionId":"28","success":false,"isManual":true,"mode":"manual","workflowId":"P0OmfbAIeWALp29h","workflowName":"My workflow 2","projectId":"yyLdxcqYKHGXLqea","projectName":"Htet Arkar <arkar.acc2003@gmail.com>","lastNodeExecuted":"If"}}
{"__type":"$$EventMessageConfirm","confirm":"882bdcd4-97dc-46b4-96dc-39b108ab8f19","ts":"2026-05-13T15:51:50.938+07:00","source":{"id":"0","name":"eventBus"}}
{"__type":"$$EventMessageAudit","id":"03720574-546a-463a-8def-df5180dafe54","ts":"2026-05-13T15:51:56.785+07:00","eventName":"n8n.audit.workflow.updated","message":"n8n.audit.workflow.updated","payload":{"userId":"0a843bf0-9d73-4a40-92e2-34a8cf047493","_email":"arkar.acc2003@gmail.com","_firstName":"Htet","_lastName":"Arkar","globalRole":"global:owner","workflowId":"P0OmfbAIeWALp29h","workflowName":"My workflow 2"}}
{"__type":"$$EventMessageConfirm","confirm":"03720574-546a-463a-8def-df5180dafe54","ts":"2026-05-13T15:51:56.785+07:00","source":{"id":"0","name":"eventBus"}}
{"__type":"$$EventMessageAudit","id":"eac03e6e-e2ed-4941-b466-46a3b8ea0f94","ts":"2026-05-13T15:51:57.720+07:00","eventName":"n8n.audit.workflow.executed","message":"n8n.audit.workflow.executed","payload":{"userId":"0a843bf0-9d73-4a40-92e2-34a8cf047493","_email":"arkar.acc2003@gmail.com","_firstName":"Htet","_lastName":"Arkar","globalRole":"global:owner","workflowId":"P0OmfbAIeWALp29h","workflowName":"My workflow 2","executionId":"29","source":"user-manual"}}
{"__type":"$$EventMessageConfirm","confirm":"eac03e6e-e2ed-4941-b466-46a3b8ea0f94","ts":"2026-05-13T15:51:57.721+07:00","source":{"id":"0","name":"eventBus"}}
{"__type":"$$EventMessageWorkflow","id":"fed8515a-0554-4306-a693-0d6f48007c6a","ts":"2026-05-13T15:51:57.721+07:00","eventName":"n8n.workflow.started","message":"n8n.workflow.started","payload":{"executionId":"29","workflowId":"P0OmfbAIeWALp29h","isManual":false,"mode":"manual","workflowName":"My workflow 2","projectId":"yyLdxcqYKHGXLqea","projectName":"Htet Arkar <arkar.acc2003@gmail.com>"}}
{"__type":"$$EventMessageConfirm","confirm":"fed8515a-0554-4306-a693-0d6f48007c6a","ts":"2026-05-13T15:51:57.721+07:00","source":{"id":"0","name":"eventBus"}}
{"__type":"$$EventMessageNode","id":"23dab206-7bbe-427a-81bb-376d8252be6f","ts":"2026-05-13T15:51:57.733+07:00","eventName":"n8n.node.started","message":"n8n.node.started","payload":{"workflowId":"P0OmfbAIeWALp29h","workflowName":"My workflow 2","executionId":"29","nodeType":"n8n-nodes-base.mqttTrigger","nodeName":"MQTT Trigger","nodeId":"baa908e8-6fd3-45d9-bee5-a383a4713ffc"}}
{"__type":"$$EventMessageConfirm","confirm":"23dab206-7bbe-427a-81bb-376d8252be6f","ts":"2026-05-13T15:51:57.734+07:00","source":{"id":"0","name":"eventBus"}}
{"__type":"$$EventMessageNode","id":"d86ee2d9-69e5-4122-9838-e5168fe04355","ts":"2026-05-13T15:52:00.831+07:00","eventName":"n8n.node.finished","message":"n8n.node.finished","payload":{"workflowId":"P0OmfbAIeWALp29h","workflowName":"My workflow 2","executionId":"29","nodeType":"n8n-nodes-base.mqttTrigger","nodeName":"MQTT Trigger","nodeId":"baa908e8-6fd3-45d9-bee5-a383a4713ffc"}}
{"__type":"$$EventMessageConfirm","confirm":"d86ee2d9-69e5-4122-9838-e5168fe04355","ts":"2026-05-13T15:52:00.831+07:00","source":{"id":"0","name":"eventBus"}}
{"__type":"$$EventMessageNode","id":"961ce71a-f880-4140-8c0d-928e41f62b3c","ts":"2026-05-13T15:52:00.832+07:00","eventName":"n8n.node.started","message":"n8n.node.started","payload":{"workflowId":"P0OmfbAIeWALp29h","workflowName":"My workflow 2","executionId":"29","nodeType":"n8n-nodes-base.if","nodeName":"If","nodeId":"c98917a8-1c67-4489-b800-c1b094f4034c"}}
{"__type":"$$EventMessageConfirm","confirm":"961ce71a-f880-4140-8c0d-928e41f62b3c","ts":"2026-05-13T15:52:00.832+07:00","source":{"id":"0","name":"eventBus"}}
{"__type":"$$EventMessageNode","id":"c62e8622-b235-4821-a74e-72cd20a9f799","ts":"2026-05-13T15:52:00.835+07:00","eventName":"n8n.node.finished","message":"n8n.node.finished","payload":{"workflowId":"P0OmfbAIeWALp29h","workflowName":"My workflow 2","executionId":"29","nodeType":"n8n-nodes-base.if","nodeName":"If","nodeId":"c98917a8-1c67-4489-b800-c1b094f4034c"}}
{"__type":"$$EventMessageConfirm","confirm":"c62e8622-b235-4821-a74e-72cd20a9f799","ts":"2026-05-13T15:52:00.835+07:00","source":{"id":"0","name":"eventBus"}}
{"__type":"$$EventMessageWorkflow","id":"2b481bf2-9127-4ff6-aa11-d2b059f94d57","ts":"2026-05-13T15:52:00.839+07:00","eventName":"n8n.workflow.success","message":"n8n.workflow.success","payload":{"userId":"0a843bf0-9d73-4a40-92e2-34a8cf047493","executionId":"29","success":true,"isManual":true,"mode":"manual","workflowId":"P0OmfbAIeWALp29h","workflowName":"My workflow 2","projectId":"yyLdxcqYKHGXLqea","projectName":"Htet Arkar <arkar.acc2003@gmail.com>"}}
{"__type":"$$EventMessageConfirm","confirm":"2b481bf2-9127-4ff6-aa11-d2b059f94d57","ts":"2026-05-13T15:52:00.840+07:00","source":{"id":"0","name":"eventBus"}}
{"__type":"$$EventMessageAudit","id":"ad12082d-9971-4628-9eb4-7d21f9480cf9","ts":"2026-05-13T15:52:06.842+07:00","eventName":"n8n.audit.workflow.updated","message":"n8n.audit.workflow.updated","payload":{"userId":"0a843bf0-9d73-4a40-92e2-34a8cf047493","_email":"arkar.acc2003@gmail.com","_firstName":"Htet","_lastName":"Arkar","globalRole":"global:owner","workflowId":"P0OmfbAIeWALp29h","workflowName":"My workflow 2"}}
{"__type":"$$EventMessageConfirm","confirm":"ad12082d-9971-4628-9eb4-7d21f9480cf9","ts":"2026-05-13T15:52:06.842+07:00","source":{"id":"0","name":"eventBus"}}
{"__type":"$$EventMessageAudit","id":"47f1e546-8f18-4e51-b287-1edfd40941cd","ts":"2026-05-13T15:52:08.901+07:00","eventName":"n8n.audit.workflow.updated","message":"n8n.audit.workflow.updated","payload":{"userId":"0a843bf0-9d73-4a40-92e2-34a8cf047493","_email":"arkar.acc2003@gmail.com","_firstName":"Htet","_lastName":"Arkar","globalRole":"global:owner","workflowId":"P0OmfbAIeWALp29h","workflowName":"My workflow 2"}}
{"__type":"$$EventMessageConfirm","confirm":"47f1e546-8f18-4e51-b287-1edfd40941cd","ts":"2026-05-13T15:52:08.901+07:00","source":{"id":"0","name":"eventBus"}}
{"__type":"$$EventMessageAudit","id":"157a98ef-aadd-4c0b-832b-cd604fb5d9e5","ts":"2026-05-13T15:52:10.552+07:00","eventName":"n8n.audit.workflow.updated","message":"n8n.audit.workflow.updated","payload":{"userId":"0a843bf0-9d73-4a40-92e2-34a8cf047493","_email":"arkar.acc2003@gmail.com","_firstName":"Htet","_lastName":"Arkar","globalRole":"global:owner","workflowId":"P0OmfbAIeWALp29h","workflowName":"My workflow 2"}}
{"__type":"$$EventMessageConfirm","confirm":"157a98ef-aadd-4c0b-832b-cd604fb5d9e5","ts":"2026-05-13T15:52:10.552+07:00","source":{"id":"0","name":"eventBus"}}
{"__type":"$$EventMessageAudit","id":"a7d82595-74d5-407d-a6e4-29eb0a68b081","ts":"2026-05-13T15:52:18.177+07:00","eventName":"n8n.audit.workflow.updated","message":"n8n.audit.workflow.updated","payload":{"userId":"0a843bf0-9d73-4a40-92e2-34a8cf047493","_email":"arkar.acc2003@gmail.com","_firstName":"Htet","_lastName":"Arkar","globalRole":"global:owner","workflowId":"P0OmfbAIeWALp29h","workflowName":"My workflow 2"}}
{"__type":"$$EventMessageConfirm","confirm":"a7d82595-74d5-407d-a6e4-29eb0a68b081","ts":"2026-05-13T15:52:18.177+07:00","source":{"id":"0","name":"eventBus"}}
{"__type":"$$EventMessageAudit","id":"1fa758a2-a469-4168-bf08-79fc2076158c","ts":"2026-05-13T15:52:28.902+07:00","eventName":"n8n.audit.workflow.updated","message":"n8n.audit.workflow.updated","payload":{"userId":"0a843bf0-9d73-4a40-92e2-34a8cf047493","_email":"arkar.acc2003@gmail.com","_firstName":"Htet","_lastName":"Arkar","globalRole":"global:owner","workflowId":"P0OmfbAIeWALp29h","workflowName":"My workflow 2"}}
{"__type":"$$EventMessageConfirm","confirm":"1fa758a2-a469-4168-bf08-79fc2076158c","ts":"2026-05-13T15:52:28.902+07:00","source":{"id":"0","name":"eventBus"}}
{"__type":"$$EventMessageAudit","id":"7cbcaf98-54df-4ae3-ad03-10ff088ac372","ts":"2026-05-13T15:52:48.116+07:00","eventName":"n8n.audit.workflow.executed","message":"n8n.audit.workflow.executed","payload":{"userId":"0a843bf0-9d73-4a40-92e2-34a8cf047493","_email":"arkar.acc2003@gmail.com","_firstName":"Htet","_lastName":"Arkar","globalRole":"global:owner","workflowId":"P0OmfbAIeWALp29h","workflowName":"My workflow 2","executionId":"30","source":"user-manual"}}
{"__type":"$$EventMessageConfirm","confirm":"7cbcaf98-54df-4ae3-ad03-10ff088ac372","ts":"2026-05-13T15:52:48.116+07:00","source":{"id":"0","name":"eventBus"}}
{"__type":"$$EventMessageWorkflow","id":"692f02f8-b0c7-470c-9bc8-1fcff082e477","ts":"2026-05-13T15:52:48.116+07:00","eventName":"n8n.workflow.started","message":"n8n.workflow.started","payload":{"executionId":"30","workflowId":"P0OmfbAIeWALp29h","isManual":false,"mode":"manual","workflowName":"My workflow 2","projectId":"yyLdxcqYKHGXLqea","projectName":"Htet Arkar <arkar.acc2003@gmail.com>"}}
{"__type":"$$EventMessageConfirm","confirm":"692f02f8-b0c7-470c-9bc8-1fcff082e477","ts":"2026-05-13T15:52:48.116+07:00","source":{"id":"0","name":"eventBus"}}
{"__type":"$$EventMessageNode","id":"175c8c5b-993c-4cd1-902f-b44975508af9","ts":"2026-05-13T15:52:48.131+07:00","eventName":"n8n.node.started","message":"n8n.node.started","payload":{"workflowId":"P0OmfbAIeWALp29h","workflowName":"My workflow 2","executionId":"30","nodeType":"n8n-nodes-base.mqttTrigger","nodeName":"MQTT Trigger","nodeId":"baa908e8-6fd3-45d9-bee5-a383a4713ffc"}}
{"__type":"$$EventMessageConfirm","confirm":"175c8c5b-993c-4cd1-902f-b44975508af9","ts":"2026-05-13T15:52:48.131+07:00","source":{"id":"0","name":"eventBus"}}
{"__type":"$$EventMessageNode","id":"ed8b5a79-d9eb-4091-8250-f30de161c128","ts":"2026-05-13T15:52:50.843+07:00","eventName":"n8n.node.finished","message":"n8n.node.finished","payload":{"workflowId":"P0OmfbAIeWALp29h","workflowName":"My workflow 2","executionId":"30","nodeType":"n8n-nodes-base.mqttTrigger","nodeName":"MQTT Trigger","nodeId":"baa908e8-6fd3-45d9-bee5-a383a4713ffc"}}
{"__type":"$$EventMessageConfirm","confirm":"ed8b5a79-d9eb-4091-8250-f30de161c128","ts":"2026-05-13T15:52:50.843+07:00","source":{"id":"0","name":"eventBus"}}
{"__type":"$$EventMessageNode","id":"f74827f2-f819-4284-89c8-c5016712c26b","ts":"2026-05-13T15:52:50.844+07:00","eventName":"n8n.node.started","message":"n8n.node.started","payload":{"workflowId":"P0OmfbAIeWALp29h","workflowName":"My workflow 2","executionId":"30","nodeType":"n8n-nodes-base.if","nodeName":"If","nodeId":"c98917a8-1c67-4489-b800-c1b094f4034c"}}
{"__type":"$$EventMessageConfirm","confirm":"f74827f2-f819-4284-89c8-c5016712c26b","ts":"2026-05-13T15:52:50.845+07:00","source":{"id":"0","name":"eventBus"}}
{"__type":"$$EventMessageNode","id":"c10fa1c7-1f36-4403-b779-2f9cd3b5294b","ts":"2026-05-13T15:52:50.856+07:00","eventName":"n8n.node.finished","message":"n8n.node.finished","payload":{"workflowId":"P0OmfbAIeWALp29h","workflowName":"My workflow 2","executionId":"30","nodeType":"n8n-nodes-base.if","nodeName":"If","nodeId":"c98917a8-1c67-4489-b800-c1b094f4034c"}}
{"__type":"$$EventMessageConfirm","confirm":"c10fa1c7-1f36-4403-b779-2f9cd3b5294b","ts":"2026-05-13T15:52:50.857+07:00","source":{"id":"0","name":"eventBus"}}
{"__type":"$$EventMessageWorkflow","id":"1dd352e5-f52e-4b4d-bbcb-eacecdf0c8c8","ts":"2026-05-13T15:52:50.863+07:00","eventName":"n8n.workflow.success","message":"n8n.workflow.success","payload":{"userId":"0a843bf0-9d73-4a40-92e2-34a8cf047493","executionId":"30","success":true,"isManual":true,"mode":"manual","workflowId":"P0OmfbAIeWALp29h","workflowName":"My workflow 2","projectId":"yyLdxcqYKHGXLqea","projectName":"Htet Arkar <arkar.acc2003@gmail.com>"}}
{"__type":"$$EventMessageConfirm","confirm":"1dd352e5-f52e-4b4d-bbcb-eacecdf0c8c8","ts":"2026-05-13T15:52:50.863+07:00","source":{"id":"0","name":"eventBus"}}
{"__type":"$$EventMessageAudit","id":"ac052cab-c0d9-4cf2-a46a-3e26c8b6737b","ts":"2026-05-13T15:53:19.165+07:00","eventName":"n8n.audit.workflow.updated","message":"n8n.audit.workflow.updated","payload":{"userId":"0a843bf0-9d73-4a40-92e2-34a8cf047493","_email":"arkar.acc2003@gmail.com","_firstName":"Htet","_lastName":"Arkar","globalRole":"global:owner","workflowId":"P0OmfbAIeWALp29h","workflowName":"My workflow 2"}}
{"__type":"$$EventMessageConfirm","confirm":"ac052cab-c0d9-4cf2-a46a-3e26c8b6737b","ts":"2026-05-13T15:53:19.165+07:00","source":{"id":"0","name":"eventBus"}}
{"__type":"$$EventMessageAudit","id":"fbffa336-5e68-402f-8740-2007e0673d5b","ts":"2026-05-13T15:53:23.672+07:00","eventName":"n8n.audit.workflow.updated","message":"n8n.audit.workflow.updated","payload":{"userId":"0a843bf0-9d73-4a40-92e2-34a8cf047493","_email":"arkar.acc2003@gmail.com","_firstName":"Htet","_lastName":"Arkar","globalRole":"global:owner","workflowId":"P0OmfbAIeWALp29h","workflowName":"My workflow 2"}}
{"__type":"$$EventMessageConfirm","confirm":"fbffa336-5e68-402f-8740-2007e0673d5b","ts":"2026-05-13T15:53:23.672+07:00","source":{"id":"0","name":"eventBus"}}
{"__type":"$$EventMessageAudit","id":"28c0ba2f-0e0f-4f19-8513-d4c4d3943cf4","ts":"2026-05-13T15:53:43.805+07:00","eventName":"n8n.audit.workflow.updated","message":"n8n.audit.workflow.updated","payload":{"userId":"0a843bf0-9d73-4a40-92e2-34a8cf047493","_email":"arkar.acc2003@gmail.com","_firstName":"Htet","_lastName":"Arkar","globalRole":"global:owner","workflowId":"P0OmfbAIeWALp29h","workflowName":"My workflow 2"}}
{"__type":"$$EventMessageConfirm","confirm":"28c0ba2f-0e0f-4f19-8513-d4c4d3943cf4","ts":"2026-05-13T15:53:43.805+07:00","source":{"id":"0","name":"eventBus"}}
{"__type":"$$EventMessageAudit","id":"487e1169-76cc-4895-bc7b-0cbcaa75665a","ts":"2026-05-13T15:53:46.825+07:00","eventName":"n8n.audit.workflow.updated","message":"n8n.audit.workflow.updated","payload":{"userId":"0a843bf0-9d73-4a40-92e2-34a8cf047493","_email":"arkar.acc2003@gmail.com","_firstName":"Htet","_lastName":"Arkar","globalRole":"global:owner","workflowId":"P0OmfbAIeWALp29h","workflowName":"My workflow 2"}}
{"__type":"$$EventMessageConfirm","confirm":"487e1169-76cc-4895-bc7b-0cbcaa75665a","ts":"2026-05-13T15:53:46.825+07:00","source":{"id":"0","name":"eventBus"}}
{"__type":"$$EventMessageAudit","id":"4b0f9d8d-a28a-400d-82b5-7b16034fff39","ts":"2026-05-13T15:54:01.786+07:00","eventName":"n8n.audit.workflow.updated","message":"n8n.audit.workflow.updated","payload":{"userId":"0a843bf0-9d73-4a40-92e2-34a8cf047493","_email":"arkar.acc2003@gmail.com","_firstName":"Htet","_lastName":"Arkar","globalRole":"global:owner","workflowId":"P0OmfbAIeWALp29h","workflowName":"My workflow 2"}}
{"__type":"$$EventMessageConfirm","confirm":"4b0f9d8d-a28a-400d-82b5-7b16034fff39","ts":"2026-05-13T15:54:01.786+07:00","source":{"id":"0","name":"eventBus"}}
{"__type":"$$EventMessageAudit","id":"fb67014a-8c14-4239-812c-258d595facce","ts":"2026-05-13T15:54:04.604+07:00","eventName":"n8n.audit.workflow.updated","message":"n8n.audit.workflow.updated","payload":{"userId":"0a843bf0-9d73-4a40-92e2-34a8cf047493","_email":"arkar.acc2003@gmail.com","_firstName":"Htet","_lastName":"Arkar","globalRole":"global:owner","workflowId":"P0OmfbAIeWALp29h","workflowName":"My workflow 2"}}
{"__type":"$$EventMessageConfirm","confirm":"fb67014a-8c14-4239-812c-258d595facce","ts":"2026-05-13T15:54:04.605+07:00","source":{"id":"0","name":"eventBus"}}
{"__type":"$$EventMessageAudit","id":"d866bae0-616c-49e9-9ed5-058a5a7c7974","ts":"2026-05-13T15:54:10.374+07:00","eventName":"n8n.audit.workflow.updated","message":"n8n.audit.workflow.updated","payload":{"userId":"0a843bf0-9d73-4a40-92e2-34a8cf047493","_email":"arkar.acc2003@gmail.com","_firstName":"Htet","_lastName":"Arkar","globalRole":"global:owner","workflowId":"P0OmfbAIeWALp29h","workflowName":"My workflow 2"}}
{"__type":"$$EventMessageConfirm","confirm":"d866bae0-616c-49e9-9ed5-058a5a7c7974","ts":"2026-05-13T15:54:10.375+07:00","source":{"id":"0","name":"eventBus"}}
{"__type":"$$EventMessageAudit","id":"8ebaa6a9-d708-4140-b66c-e929a23abdf1","ts":"2026-05-13T15:54:12.016+07:00","eventName":"n8n.audit.workflow.executed","message":"n8n.audit.workflow.executed","payload":{"userId":"0a843bf0-9d73-4a40-92e2-34a8cf047493","_email":"arkar.acc2003@gmail.com","_firstName":"Htet","_lastName":"Arkar","globalRole":"global:owner","workflowId":"P0OmfbAIeWALp29h","workflowName":"My workflow 2","executionId":"31","source":"user-manual"}}
{"__type":"$$EventMessageConfirm","confirm":"8ebaa6a9-d708-4140-b66c-e929a23abdf1","ts":"2026-05-13T15:54:12.016+07:00","source":{"id":"0","name":"eventBus"}}
{"__type":"$$EventMessageWorkflow","id":"34c2d379-2b48-4ac6-96e3-44e88bee8548","ts":"2026-05-13T15:54:12.016+07:00","eventName":"n8n.workflow.started","message":"n8n.workflow.started","payload":{"executionId":"31","workflowId":"P0OmfbAIeWALp29h","isManual":false,"mode":"manual","workflowName":"My workflow 2","projectId":"yyLdxcqYKHGXLqea","projectName":"Htet Arkar <arkar.acc2003@gmail.com>"}}
{"__type":"$$EventMessageConfirm","confirm":"34c2d379-2b48-4ac6-96e3-44e88bee8548","ts":"2026-05-13T15:54:12.016+07:00","source":{"id":"0","name":"eventBus"}}
{"__type":"$$EventMessageNode","id":"6d2f9329-d159-49b2-ae58-3eb0edb0b980","ts":"2026-05-13T15:54:12.031+07:00","eventName":"n8n.node.started","message":"n8n.node.started","payload":{"workflowId":"P0OmfbAIeWALp29h","workflowName":"My workflow 2","executionId":"31","nodeType":"n8n-nodes-base.mqttTrigger","nodeName":"MQTT Trigger","nodeId":"baa908e8-6fd3-45d9-bee5-a383a4713ffc"}}
{"__type":"$$EventMessageConfirm","confirm":"6d2f9329-d159-49b2-ae58-3eb0edb0b980","ts":"2026-05-13T15:54:12.031+07:00","source":{"id":"0","name":"eventBus"}}
{"__type":"$$EventMessageNode","id":"1674a289-a1e1-4e6e-82dc-5635d4a6756a","ts":"2026-05-13T15:54:15.862+07:00","eventName":"n8n.node.finished","message":"n8n.node.finished","payload":{"workflowId":"P0OmfbAIeWALp29h","workflowName":"My workflow 2","executionId":"31","nodeType":"n8n-nodes-base.mqttTrigger","nodeName":"MQTT Trigger","nodeId":"baa908e8-6fd3-45d9-bee5-a383a4713ffc"}}
{"__type":"$$EventMessageConfirm","confirm":"1674a289-a1e1-4e6e-82dc-5635d4a6756a","ts":"2026-05-13T15:54:15.862+07:00","source":{"id":"0","name":"eventBus"}}
{"__type":"$$EventMessageNode","id":"da9006ba-cb9e-4b29-857d-962c48463298","ts":"2026-05-13T15:54:15.863+07:00","eventName":"n8n.node.started","message":"n8n.node.started","payload":{"workflowId":"P0OmfbAIeWALp29h","workflowName":"My workflow 2","executionId":"31","nodeType":"n8n-nodes-base.if","nodeName":"If","nodeId":"c98917a8-1c67-4489-b800-c1b094f4034c"}}
{"__type":"$$EventMessageConfirm","confirm":"da9006ba-cb9e-4b29-857d-962c48463298","ts":"2026-05-13T15:54:15.864+07:00","source":{"id":"0","name":"eventBus"}}
{"__type":"$$EventMessageNode","id":"eeeec6b2-9b9f-4928-8503-fbb2f1d77286","ts":"2026-05-13T15:54:15.866+07:00","eventName":"n8n.node.finished","message":"n8n.node.finished","payload":{"workflowId":"P0OmfbAIeWALp29h","workflowName":"My workflow 2","executionId":"31","nodeType":"n8n-nodes-base.if","nodeName":"If","nodeId":"c98917a8-1c67-4489-b800-c1b094f4034c"}}
{"__type":"$$EventMessageConfirm","confirm":"eeeec6b2-9b9f-4928-8503-fbb2f1d77286","ts":"2026-05-13T15:54:15.866+07:00","source":{"id":"0","name":"eventBus"}}
{"__type":"$$EventMessageNode","id":"5e9737e7-8ace-45d8-98e7-d75b5f3ad928","ts":"2026-05-13T15:54:15.867+07:00","eventName":"n8n.node.started","message":"n8n.node.started","payload":{"workflowId":"P0OmfbAIeWALp29h","workflowName":"My workflow 2","executionId":"31","nodeType":"n8n-nodes-base.set","nodeName":"Edit Fields","nodeId":"1dd561ca-7987-415c-b260-6bfb3cc54525"}}
{"__type":"$$EventMessageConfirm","confirm":"5e9737e7-8ace-45d8-98e7-d75b5f3ad928","ts":"2026-05-13T15:54:15.867+07:00","source":{"id":"0","name":"eventBus"}}
{"__type":"$$EventMessageNode","id":"dddd2d64-70d9-4145-a9fc-6bbbc4d49f0f","ts":"2026-05-13T15:54:15.870+07:00","eventName":"n8n.node.finished","message":"n8n.node.finished","payload":{"workflowId":"P0OmfbAIeWALp29h","workflowName":"My workflow 2","executionId":"31","nodeType":"n8n-nodes-base.set","nodeName":"Edit Fields","nodeId":"1dd561ca-7987-415c-b260-6bfb3cc54525"}}
{"__type":"$$EventMessageConfirm","confirm":"dddd2d64-70d9-4145-a9fc-6bbbc4d49f0f","ts":"2026-05-13T15:54:15.870+07:00","source":{"id":"0","name":"eventBus"}}
{"__type":"$$EventMessageWorkflow","id":"303c217d-ca62-4678-9508-5dfd0058693a","ts":"2026-05-13T15:54:15.875+07:00","eventName":"n8n.workflow.success","message":"n8n.workflow.success","payload":{"userId":"0a843bf0-9d73-4a40-92e2-34a8cf047493","executionId":"31","success":true,"isManual":true,"mode":"manual","workflowId":"P0OmfbAIeWALp29h","workflowName":"My workflow 2","projectId":"yyLdxcqYKHGXLqea","projectName":"Htet Arkar <arkar.acc2003@gmail.com>"}}
{"__type":"$$EventMessageConfirm","confirm":"303c217d-ca62-4678-9508-5dfd0058693a","ts":"2026-05-13T15:54:15.875+07:00","source":{"id":"0","name":"eventBus"}}
{"__type":"$$EventMessageAudit","id":"f9cb483a-b3e2-4606-acad-81929d342380","ts":"2026-05-13T15:54:30.933+07:00","eventName":"n8n.audit.workflow.updated","message":"n8n.audit.workflow.updated","payload":{"userId":"0a843bf0-9d73-4a40-92e2-34a8cf047493","_email":"arkar.acc2003@gmail.com","_firstName":"Htet","_lastName":"Arkar","globalRole":"global:owner","workflowId":"P0OmfbAIeWALp29h","workflowName":"Local MQTT"}}
{"__type":"$$EventMessageConfirm","confirm":"f9cb483a-b3e2-4606-acad-81929d342380","ts":"2026-05-13T15:54:30.933+07:00","source":{"id":"0","name":"eventBus"}}
{"__type":"$$EventMessageAudit","id":"4a6ed934-70c0-46ad-a96a-c511a8225312","ts":"2026-05-13T15:54:33.319+07:00","eventName":"n8n.audit.workflow.activated","message":"n8n.audit.workflow.activated","payload":{"userId":"0a843bf0-9d73-4a40-92e2-34a8cf047493","_email":"arkar.acc2003@gmail.com","_firstName":"Htet","_lastName":"Arkar","globalRole":"global:owner","workflowId":"P0OmfbAIeWALp29h","workflowName":"Local MQTT","activeVersionId":"2749bb20-257d-4a6d-b74f-a83965787208"}}
{"__type":"$$EventMessageConfirm","confirm":"4a6ed934-70c0-46ad-a96a-c511a8225312","ts":"2026-05-13T15:54:33.319+07:00","source":{"id":"0","name":"eventBus"}}
{"__type":"$$EventMessageWorkflow","id":"f8d9e13a-5583-4297-be3f-8f8077246bb1","ts":"2026-05-13T15:54:35.900+07:00","eventName":"n8n.workflow.started","message":"n8n.workflow.started","payload":{"executionId":"32","workflowId":"P0OmfbAIeWALp29h","isManual":false,"mode":"trigger","workflowName":"Local MQTT"}}
{"__type":"$$EventMessageConfirm","confirm":"f8d9e13a-5583-4297-be3f-8f8077246bb1","ts":"2026-05-13T15:54:35.900+07:00","source":{"id":"0","name":"eventBus"}}
{"__type":"$$EventMessageAudit","id":"89f3394c-d48f-44aa-af01-b29d086f56cd","ts":"2026-05-13T15:54:35.901+07:00","eventName":"n8n.audit.workflow.executed","message":"n8n.audit.workflow.executed","payload":{"workflowId":"P0OmfbAIeWALp29h","workflowName":"Local MQTT","executionId":"32","source":"trigger"}}
{"__type":"$$EventMessageConfirm","confirm":"89f3394c-d48f-44aa-af01-b29d086f56cd","ts":"2026-05-13T15:54:35.901+07:00","source":{"id":"0","name":"eventBus"}}
{"__type":"$$EventMessageNode","id":"d67121a8-f5b4-4be7-b833-f337ea89be88","ts":"2026-05-13T15:54:35.901+07:00","eventName":"n8n.node.started","message":"n8n.node.started","payload":{"workflowId":"P0OmfbAIeWALp29h","workflowName":"Local MQTT","executionId":"32","nodeType":"n8n-nodes-base.mqttTrigger","nodeName":"MQTT Trigger","nodeId":"baa908e8-6fd3-45d9-bee5-a383a4713ffc"}}
{"__type":"$$EventMessageConfirm","confirm":"d67121a8-f5b4-4be7-b833-f337ea89be88","ts":"2026-05-13T15:54:35.901+07:00","source":{"id":"0","name":"eventBus"}}
{"__type":"$$EventMessageNode","id":"63e04e86-f53c-4357-b256-c5777ad54183","ts":"2026-05-13T15:54:35.901+07:00","eventName":"n8n.node.finished","message":"n8n.node.finished","payload":{"workflowId":"P0OmfbAIeWALp29h","workflowName":"Local MQTT","executionId":"32","nodeType":"n8n-nodes-base.mqttTrigger","nodeName":"MQTT Trigger","nodeId":"baa908e8-6fd3-45d9-bee5-a383a4713ffc"}}
{"__type":"$$EventMessageConfirm","confirm":"63e04e86-f53c-4357-b256-c5777ad54183","ts":"2026-05-13T15:54:35.901+07:00","source":{"id":"0","name":"eventBus"}}
{"__type":"$$EventMessageNode","id":"e05e4d43-ae19-415f-91f5-efc36724a998","ts":"2026-05-13T15:54:35.901+07:00","eventName":"n8n.node.started","message":"n8n.node.started","payload":{"workflowId":"P0OmfbAIeWALp29h","workflowName":"Local MQTT","executionId":"32","nodeType":"n8n-nodes-base.if","nodeName":"If","nodeId":"c98917a8-1c67-4489-b800-c1b094f4034c"}}
{"__type":"$$EventMessageConfirm","confirm":"e05e4d43-ae19-415f-91f5-efc36724a998","ts":"2026-05-13T15:54:35.901+07:00","source":{"id":"0","name":"eventBus"}}
{"__type":"$$EventMessageNode","id":"b9efe8fc-c321-4367-82aa-3b17f2a9937d","ts":"2026-05-13T15:54:35.903+07:00","eventName":"n8n.node.finished","message":"n8n.node.finished","payload":{"workflowId":"P0OmfbAIeWALp29h","workflowName":"Local MQTT","executionId":"32","nodeType":"n8n-nodes-base.if","nodeName":"If","nodeId":"c98917a8-1c67-4489-b800-c1b094f4034c"}}
{"__type":"$$EventMessageConfirm","confirm":"b9efe8fc-c321-4367-82aa-3b17f2a9937d","ts":"2026-05-13T15:54:35.903+07:00","source":{"id":"0","name":"eventBus"}}
{"__type":"$$EventMessageNode","id":"ad7febcd-c6e7-49af-be26-7cf82386e9db","ts":"2026-05-13T15:54:35.903+07:00","eventName":"n8n.node.started","message":"n8n.node.started","payload":{"workflowId":"P0OmfbAIeWALp29h","workflowName":"Local MQTT","executionId":"32","nodeType":"n8n-nodes-base.set","nodeName":"Edit Fields","nodeId":"1dd561ca-7987-415c-b260-6bfb3cc54525"}}
{"__type":"$$EventMessageConfirm","confirm":"ad7febcd-c6e7-49af-be26-7cf82386e9db","ts":"2026-05-13T15:54:35.903+07:00","source":{"id":"0","name":"eventBus"}}
{"__type":"$$EventMessageNode","id":"3d8cb946-1c52-4311-9cfe-05b4c5153e9f","ts":"2026-05-13T15:54:35.903+07:00","eventName":"n8n.node.finished","message":"n8n.node.finished","payload":{"workflowId":"P0OmfbAIeWALp29h","workflowName":"Local MQTT","executionId":"32","nodeType":"n8n-nodes-base.set","nodeName":"Edit Fields","nodeId":"1dd561ca-7987-415c-b260-6bfb3cc54525"}}
{"__type":"$$EventMessageConfirm","confirm":"3d8cb946-1c52-4311-9cfe-05b4c5153e9f","ts":"2026-05-13T15:54:35.903+07:00","source":{"id":"0","name":"eventBus"}}
{"__type":"$$EventMessageWorkflow","id":"31d47864-dd78-447e-92ab-834a3642bb1b","ts":"2026-05-13T15:54:35.904+07:00","eventName":"n8n.workflow.success","message":"n8n.workflow.success","payload":{"executionId":"32","success":true,"isManual":false,"mode":"trigger","workflowId":"P0OmfbAIeWALp29h","workflowName":"Local MQTT"}}
{"__type":"$$EventMessageConfirm","confirm":"31d47864-dd78-447e-92ab-834a3642bb1b","ts":"2026-05-13T15:54:35.904+07:00","source":{"id":"0","name":"eventBus"}}
{"__type":"$$EventMessageWorkflow","id":"7351555b-3745-4c80-ac2c-98e900b6386a","ts":"2026-05-13T15:54:40.906+07:00","eventName":"n8n.workflow.started","message":"n8n.workflow.started","payload":{"executionId":"33","workflowId":"P0OmfbAIeWALp29h","isManual":false,"mode":"trigger","workflowName":"Local MQTT"}}
{"__type":"$$EventMessageConfirm","confirm":"7351555b-3745-4c80-ac2c-98e900b6386a","ts":"2026-05-13T15:54:40.907+07:00","source":{"id":"0","name":"eventBus"}}
{"__type":"$$EventMessageAudit","id":"9230383c-4fc0-47e9-9049-bda083e9f957","ts":"2026-05-13T15:54:40.907+07:00","eventName":"n8n.audit.workflow.executed","message":"n8n.audit.workflow.executed","payload":{"workflowId":"P0OmfbAIeWALp29h","workflowName":"Local MQTT","executionId":"33","source":"trigger"}}
{"__type":"$$EventMessageConfirm","confirm":"9230383c-4fc0-47e9-9049-bda083e9f957","ts":"2026-05-13T15:54:40.907+07:00","source":{"id":"0","name":"eventBus"}}
{"__type":"$$EventMessageNode","id":"1dbafd6f-a1a4-434f-941f-56a5551c3403","ts":"2026-05-13T15:54:40.907+07:00","eventName":"n8n.node.started","message":"n8n.node.started","payload":{"workflowId":"P0OmfbAIeWALp29h","workflowName":"Local MQTT","executionId":"33","nodeType":"n8n-nodes-base.mqttTrigger","nodeName":"MQTT Trigger","nodeId":"baa908e8-6fd3-45d9-bee5-a383a4713ffc"}}
{"__type":"$$EventMessageConfirm","confirm":"1dbafd6f-a1a4-434f-941f-56a5551c3403","ts":"2026-05-13T15:54:40.907+07:00","source":{"id":"0","name":"eventBus"}}
{"__type":"$$EventMessageNode","id":"489cb45c-2fc6-43fc-be44-0f0a7e1340f0","ts":"2026-05-13T15:54:40.907+07:00","eventName":"n8n.node.finished","message":"n8n.node.finished","payload":{"workflowId":"P0OmfbAIeWALp29h","workflowName":"Local MQTT","executionId":"33","nodeType":"n8n-nodes-base.mqttTrigger","nodeName":"MQTT Trigger","nodeId":"baa908e8-6fd3-45d9-bee5-a383a4713ffc"}}
{"__type":"$$EventMessageConfirm","confirm":"489cb45c-2fc6-43fc-be44-0f0a7e1340f0","ts":"2026-05-13T15:54:40.907+07:00","source":{"id":"0","name":"eventBus"}}
{"__type":"$$EventMessageNode","id":"278c927b-8530-43ed-b114-2f62b04c5752","ts":"2026-05-13T15:54:40.907+07:00","eventName":"n8n.node.started","message":"n8n.node.started","payload":{"workflowId":"P0OmfbAIeWALp29h","workflowName":"Local MQTT","executionId":"33","nodeType":"n8n-nodes-base.if","nodeName":"If","nodeId":"c98917a8-1c67-4489-b800-c1b094f4034c"}}
{"__type":"$$EventMessageConfirm","confirm":"278c927b-8530-43ed-b114-2f62b04c5752","ts":"2026-05-13T15:54:40.907+07:00","source":{"id":"0","name":"eventBus"}}
{"__type":"$$EventMessageNode","id":"8dc8f4a8-4ca4-485e-bfdf-3eececcf5ea6","ts":"2026-05-13T15:54:40.908+07:00","eventName":"n8n.node.finished","message":"n8n.node.finished","payload":{"workflowId":"P0OmfbAIeWALp29h","workflowName":"Local MQTT","executionId":"33","nodeType":"n8n-nodes-base.if","nodeName":"If","nodeId":"c98917a8-1c67-4489-b800-c1b094f4034c"}}
{"__type":"$$EventMessageConfirm","confirm":"8dc8f4a8-4ca4-485e-bfdf-3eececcf5ea6","ts":"2026-05-13T15:54:40.908+07:00","source":{"id":"0","name":"eventBus"}}
{"__type":"$$EventMessageNode","id":"56fd6c74-35e9-4b09-9c0e-8f732dbc8d9d","ts":"2026-05-13T15:54:40.908+07:00","eventName":"n8n.node.started","message":"n8n.node.started","payload":{"workflowId":"P0OmfbAIeWALp29h","workflowName":"Local MQTT","executionId":"33","nodeType":"n8n-nodes-base.set","nodeName":"Edit Fields","nodeId":"1dd561ca-7987-415c-b260-6bfb3cc54525"}}
{"__type":"$$EventMessageConfirm","confirm":"56fd6c74-35e9-4b09-9c0e-8f732dbc8d9d","ts":"2026-05-13T15:54:40.908+07:00","source":{"id":"0","name":"eventBus"}}
{"__type":"$$EventMessageNode","id":"071c61c1-3969-48f0-ac82-3e13c2e6093c","ts":"2026-05-13T15:54:40.908+07:00","eventName":"n8n.node.finished","message":"n8n.node.finished","payload":{"workflowId":"P0OmfbAIeWALp29h","workflowName":"Local MQTT","executionId":"33","nodeType":"n8n-nodes-base.set","nodeName":"Edit Fields","nodeId":"1dd561ca-7987-415c-b260-6bfb3cc54525"}}
{"__type":"$$EventMessageConfirm","confirm":"071c61c1-3969-48f0-ac82-3e13c2e6093c","ts":"2026-05-13T15:54:40.908+07:00","source":{"id":"0","name":"eventBus"}}
{"__type":"$$EventMessageWorkflow","id":"e0cfa893-a0dc-4f85-b647-c2e2c571dec1","ts":"2026-05-13T15:54:40.909+07:00","eventName":"n8n.workflow.success","message":"n8n.workflow.success","payload":{"executionId":"33","success":true,"isManual":false,"mode":"trigger","workflowId":"P0OmfbAIeWALp29h","workflowName":"Local MQTT"}}
{"__type":"$$EventMessageConfirm","confirm":"e0cfa893-a0dc-4f85-b647-c2e2c571dec1","ts":"2026-05-13T15:54:40.909+07:00","source":{"id":"0","name":"eventBus"}}
{"__type":"$$EventMessageWorkflow","id":"63ea2e0d-efb8-4917-afd7-ed09ceba94cd","ts":"2026-05-13T15:54:45.917+07:00","eventName":"n8n.workflow.started","message":"n8n.workflow.started","payload":{"executionId":"34","workflowId":"P0OmfbAIeWALp29h","isManual":false,"mode":"trigger","workflowName":"Local MQTT"}}
{"__type":"$$EventMessageConfirm","confirm":"63ea2e0d-efb8-4917-afd7-ed09ceba94cd","ts":"2026-05-13T15:54:45.917+07:00","source":{"id":"0","name":"eventBus"}}
{"__type":"$$EventMessageAudit","id":"3c99b47f-9b73-464a-9ed4-38aecfd940e1","ts":"2026-05-13T15:54:45.917+07:00","eventName":"n8n.audit.workflow.executed","message":"n8n.audit.workflow.executed","payload":{"workflowId":"P0OmfbAIeWALp29h","workflowName":"Local MQTT","executionId":"34","source":"trigger"}}
{"__type":"$$EventMessageConfirm","confirm":"3c99b47f-9b73-464a-9ed4-38aecfd940e1","ts":"2026-05-13T15:54:45.917+07:00","source":{"id":"0","name":"eventBus"}}
{"__type":"$$EventMessageNode","id":"60c16c98-7198-434c-8b5b-994dd54468f2","ts":"2026-05-13T15:54:45.917+07:00","eventName":"n8n.node.started","message":"n8n.node.started","payload":{"workflowId":"P0OmfbAIeWALp29h","workflowName":"Local MQTT","executionId":"34","nodeType":"n8n-nodes-base.mqttTrigger","nodeName":"MQTT Trigger","nodeId":"baa908e8-6fd3-45d9-bee5-a383a4713ffc"}}
{"__type":"$$EventMessageConfirm","confirm":"60c16c98-7198-434c-8b5b-994dd54468f2","ts":"2026-05-13T15:54:45.917+07:00","source":{"id":"0","name":"eventBus"}}
{"__type":"$$EventMessageNode","id":"e90d4071-7ce3-4df6-8005-3bcd7824d59b","ts":"2026-05-13T15:54:45.918+07:00","eventName":"n8n.node.finished","message":"n8n.node.finished","payload":{"workflowId":"P0OmfbAIeWALp29h","workflowName":"Local MQTT","executionId":"34","nodeType":"n8n-nodes-base.mqttTrigger","nodeName":"MQTT Trigger","nodeId":"baa908e8-6fd3-45d9-bee5-a383a4713ffc"}}
{"__type":"$$EventMessageConfirm","confirm":"e90d4071-7ce3-4df6-8005-3bcd7824d59b","ts":"2026-05-13T15:54:45.918+07:00","source":{"id":"0","name":"eventBus"}}
{"__type":"$$EventMessageNode","id":"3aa3595d-70b4-406c-bc59-13b56e09dd3a","ts":"2026-05-13T15:54:45.918+07:00","eventName":"n8n.node.started","message":"n8n.node.started","payload":{"workflowId":"P0OmfbAIeWALp29h","workflowName":"Local MQTT","executionId":"34","nodeType":"n8n-nodes-base.if","nodeName":"If","nodeId":"c98917a8-1c67-4489-b800-c1b094f4034c"}}
{"__type":"$$EventMessageConfirm","confirm":"3aa3595d-70b4-406c-bc59-13b56e09dd3a","ts":"2026-05-13T15:54:45.918+07:00","source":{"id":"0","name":"eventBus"}}
{"__type":"$$EventMessageNode","id":"273d92c8-3d61-43ed-830b-bd81a08996fa","ts":"2026-05-13T15:54:45.919+07:00","eventName":"n8n.node.finished","message":"n8n.node.finished","payload":{"workflowId":"P0OmfbAIeWALp29h","workflowName":"Local MQTT","executionId":"34","nodeType":"n8n-nodes-base.if","nodeName":"If","nodeId":"c98917a8-1c67-4489-b800-c1b094f4034c"}}
{"__type":"$$EventMessageConfirm","confirm":"273d92c8-3d61-43ed-830b-bd81a08996fa","ts":"2026-05-13T15:54:45.919+07:00","source":{"id":"0","name":"eventBus"}}
{"__type":"$$EventMessageNode","id":"8acccaf1-1162-4e51-953a-58cf45d1faad","ts":"2026-05-13T15:54:45.919+07:00","eventName":"n8n.node.started","message":"n8n.node.started","payload":{"workflowId":"P0OmfbAIeWALp29h","workflowName":"Local MQTT","executionId":"34","nodeType":"n8n-nodes-base.set","nodeName":"Edit Fields","nodeId":"1dd561ca-7987-415c-b260-6bfb3cc54525"}}
{"__type":"$$EventMessageConfirm","confirm":"8acccaf1-1162-4e51-953a-58cf45d1faad","ts":"2026-05-13T15:54:45.919+07:00","source":{"id":"0","name":"eventBus"}}
{"__type":"$$EventMessageNode","id":"09ae1d72-a00f-4385-9724-a1c155bb23b3","ts":"2026-05-13T15:54:45.920+07:00","eventName":"n8n.node.finished","message":"n8n.node.finished","payload":{"workflowId":"P0OmfbAIeWALp29h","workflowName":"Local MQTT","executionId":"34","nodeType":"n8n-nodes-base.set","nodeName":"Edit Fields","nodeId":"1dd561ca-7987-415c-b260-6bfb3cc54525"}}
{"__type":"$$EventMessageConfirm","confirm":"09ae1d72-a00f-4385-9724-a1c155bb23b3","ts":"2026-05-13T15:54:45.921+07:00","source":{"id":"0","name":"eventBus"}}
{"__type":"$$EventMessageWorkflow","id":"582fcdf8-d1ba-4b47-bf71-03b494e9c5b0","ts":"2026-05-13T15:54:45.921+07:00","eventName":"n8n.workflow.success","message":"n8n.workflow.success","payload":{"executionId":"34","success":true,"isManual":false,"mode":"trigger","workflowId":"P0OmfbAIeWALp29h","workflowName":"Local MQTT"}}
{"__type":"$$EventMessageConfirm","confirm":"582fcdf8-d1ba-4b47-bf71-03b494e9c5b0","ts":"2026-05-13T15:54:45.921+07:00","source":{"id":"0","name":"eventBus"}}
{"__type":"$$EventMessageWorkflow","id":"89debdd8-a204-4735-a253-62d24b5d6558","ts":"2026-05-13T15:54:50.916+07:00","eventName":"n8n.workflow.started","message":"n8n.workflow.started","payload":{"executionId":"35","workflowId":"P0OmfbAIeWALp29h","isManual":false,"mode":"trigger","workflowName":"Local MQTT"}}
{"__type":"$$EventMessageConfirm","confirm":"89debdd8-a204-4735-a253-62d24b5d6558","ts":"2026-05-13T15:54:50.917+07:00","source":{"id":"0","name":"eventBus"}}
{"__type":"$$EventMessageAudit","id":"af08b493-8816-4e54-9fa1-4fb6851e807d","ts":"2026-05-13T15:54:50.917+07:00","eventName":"n8n.audit.workflow.executed","message":"n8n.audit.workflow.executed","payload":{"workflowId":"P0OmfbAIeWALp29h","workflowName":"Local MQTT","executionId":"35","source":"trigger"}}
{"__type":"$$EventMessageConfirm","confirm":"af08b493-8816-4e54-9fa1-4fb6851e807d","ts":"2026-05-13T15:54:50.917+07:00","source":{"id":"0","name":"eventBus"}}
{"__type":"$$EventMessageNode","id":"fea68d76-edf9-4feb-9b15-33254b1830f0","ts":"2026-05-13T15:54:50.917+07:00","eventName":"n8n.node.started","message":"n8n.node.started","payload":{"workflowId":"P0OmfbAIeWALp29h","workflowName":"Local MQTT","executionId":"35","nodeType":"n8n-nodes-base.mqttTrigger","nodeName":"MQTT Trigger","nodeId":"baa908e8-6fd3-45d9-bee5-a383a4713ffc"}}
{"__type":"$$EventMessageConfirm","confirm":"fea68d76-edf9-4feb-9b15-33254b1830f0","ts":"2026-05-13T15:54:50.917+07:00","source":{"id":"0","name":"eventBus"}}
{"__type":"$$EventMessageNode","id":"e8749a2c-32e8-406d-88e4-4d23a22aff40","ts":"2026-05-13T15:54:50.918+07:00","eventName":"n8n.node.finished","message":"n8n.node.finished","payload":{"workflowId":"P0OmfbAIeWALp29h","workflowName":"Local MQTT","executionId":"35","nodeType":"n8n-nodes-base.mqttTrigger","nodeName":"MQTT Trigger","nodeId":"baa908e8-6fd3-45d9-bee5-a383a4713ffc"}}
{"__type":"$$EventMessageConfirm","confirm":"e8749a2c-32e8-406d-88e4-4d23a22aff40","ts":"2026-05-13T15:54:50.918+07:00","source":{"id":"0","name":"eventBus"}}
{"__type":"$$EventMessageNode","id":"f221cc95-1873-43cc-aaac-e2ea0f1a0a3d","ts":"2026-05-13T15:54:50.918+07:00","eventName":"n8n.node.started","message":"n8n.node.started","payload":{"workflowId":"P0OmfbAIeWALp29h","workflowName":"Local MQTT","executionId":"35","nodeType":"n8n-nodes-base.if","nodeName":"If","nodeId":"c98917a8-1c67-4489-b800-c1b094f4034c"}}
{"__type":"$$EventMessageConfirm","confirm":"f221cc95-1873-43cc-aaac-e2ea0f1a0a3d","ts":"2026-05-13T15:54:50.918+07:00","source":{"id":"0","name":"eventBus"}}
{"__type":"$$EventMessageNode","id":"31c917d1-62e2-4e15-af81-d8f9fdddd176","ts":"2026-05-13T15:54:50.919+07:00","eventName":"n8n.node.finished","message":"n8n.node.finished","payload":{"workflowId":"P0OmfbAIeWALp29h","workflowName":"Local MQTT","executionId":"35","nodeType":"n8n-nodes-base.if","nodeName":"If","nodeId":"c98917a8-1c67-4489-b800-c1b094f4034c"}}
{"__type":"$$EventMessageConfirm","confirm":"31c917d1-62e2-4e15-af81-d8f9fdddd176","ts":"2026-05-13T15:54:50.919+07:00","source":{"id":"0","name":"eventBus"}}
{"__type":"$$EventMessageNode","id":"ae3b93ee-d9b8-4f6d-bb3d-c6d223507568","ts":"2026-05-13T15:54:50.919+07:00","eventName":"n8n.node.started","message":"n8n.node.started","payload":{"workflowId":"P0OmfbAIeWALp29h","workflowName":"Local MQTT","executionId":"35","nodeType":"n8n-nodes-base.set","nodeName":"Edit Fields","nodeId":"1dd561ca-7987-415c-b260-6bfb3cc54525"}}
{"__type":"$$EventMessageConfirm","confirm":"ae3b93ee-d9b8-4f6d-bb3d-c6d223507568","ts":"2026-05-13T15:54:50.920+07:00","source":{"id":"0","name":"eventBus"}}
{"__type":"$$EventMessageNode","id":"a0267570-ca6a-4785-903a-b54c8212331c","ts":"2026-05-13T15:54:50.920+07:00","eventName":"n8n.node.finished","message":"n8n.node.finished","payload":{"workflowId":"P0OmfbAIeWALp29h","workflowName":"Local MQTT","executionId":"35","nodeType":"n8n-nodes-base.set","nodeName":"Edit Fields","nodeId":"1dd561ca-7987-415c-b260-6bfb3cc54525"}}
{"__type":"$$EventMessageConfirm","confirm":"a0267570-ca6a-4785-903a-b54c8212331c","ts":"2026-05-13T15:54:50.921+07:00","source":{"id":"0","name":"eventBus"}}
{"__type":"$$EventMessageWorkflow","id":"22527044-3a10-4282-b3d7-00e2625051ba","ts":"2026-05-13T15:54:50.921+07:00","eventName":"n8n.workflow.success","message":"n8n.workflow.success","payload":{"executionId":"35","success":true,"isManual":false,"mode":"trigger","workflowId":"P0OmfbAIeWALp29h","workflowName":"Local MQTT"}}
{"__type":"$$EventMessageConfirm","confirm":"22527044-3a10-4282-b3d7-00e2625051ba","ts":"2026-05-13T15:54:50.921+07:00","source":{"id":"0","name":"eventBus"}}
{"__type":"$$EventMessageWorkflow","id":"2751eac7-9a66-4a4d-8418-ba0ec436fa00","ts":"2026-05-13T15:54:55.918+07:00","eventName":"n8n.workflow.started","message":"n8n.workflow.started","payload":{"executionId":"36","workflowId":"P0OmfbAIeWALp29h","isManual":false,"mode":"trigger","workflowName":"Local MQTT"}}
{"__type":"$$EventMessageConfirm","confirm":"2751eac7-9a66-4a4d-8418-ba0ec436fa00","ts":"2026-05-13T15:54:55.918+07:00","source":{"id":"0","name":"eventBus"}}
{"__type":"$$EventMessageAudit","id":"edaccf4f-5671-4321-b983-b8f1ca942915","ts":"2026-05-13T15:54:55.918+07:00","eventName":"n8n.audit.workflow.executed","message":"n8n.audit.workflow.executed","payload":{"workflowId":"P0OmfbAIeWALp29h","workflowName":"Local MQTT","executionId":"36","source":"trigger"}}
{"__type":"$$EventMessageConfirm","confirm":"edaccf4f-5671-4321-b983-b8f1ca942915","ts":"2026-05-13T15:54:55.918+07:00","source":{"id":"0","name":"eventBus"}}
{"__type":"$$EventMessageNode","id":"526e59b2-703f-4cab-8f9e-12a5fa727dc4","ts":"2026-05-13T15:54:55.918+07:00","eventName":"n8n.node.started","message":"n8n.node.started","payload":{"workflowId":"P0OmfbAIeWALp29h","workflowName":"Local MQTT","executionId":"36","nodeType":"n8n-nodes-base.mqttTrigger","nodeName":"MQTT Trigger","nodeId":"baa908e8-6fd3-45d9-bee5-a383a4713ffc"}}
{"__type":"$$EventMessageConfirm","confirm":"526e59b2-703f-4cab-8f9e-12a5fa727dc4","ts":"2026-05-13T15:54:55.918+07:00","source":{"id":"0","name":"eventBus"}}
{"__type":"$$EventMessageNode","id":"dea93991-85a8-466b-81c0-e13433d059e2","ts":"2026-05-13T15:54:55.918+07:00","eventName":"n8n.node.finished","message":"n8n.node.finished","payload":{"workflowId":"P0OmfbAIeWALp29h","workflowName":"Local MQTT","executionId":"36","nodeType":"n8n-nodes-base.mqttTrigger","nodeName":"MQTT Trigger","nodeId":"baa908e8-6fd3-45d9-bee5-a383a4713ffc"}}
{"__type":"$$EventMessageConfirm","confirm":"dea93991-85a8-466b-81c0-e13433d059e2","ts":"2026-05-13T15:54:55.918+07:00","source":{"id":"0","name":"eventBus"}}
{"__type":"$$EventMessageNode","id":"29d02993-4d09-4fc4-9388-8ea74fabb7b4","ts":"2026-05-13T15:54:55.918+07:00","eventName":"n8n.node.started","message":"n8n.node.started","payload":{"workflowId":"P0OmfbAIeWALp29h","workflowName":"Local MQTT","executionId":"36","nodeType":"n8n-nodes-base.if","nodeName":"If","nodeId":"c98917a8-1c67-4489-b800-c1b094f4034c"}}
{"__type":"$$EventMessageConfirm","confirm":"29d02993-4d09-4fc4-9388-8ea74fabb7b4","ts":"2026-05-13T15:54:55.918+07:00","source":{"id":"0","name":"eventBus"}}
{"__type":"$$EventMessageNode","id":"3a92d48f-69d9-4e06-868b-6ec11b4c2ea5","ts":"2026-05-13T15:54:55.919+07:00","eventName":"n8n.node.finished","message":"n8n.node.finished","payload":{"workflowId":"P0OmfbAIeWALp29h","workflowName":"Local MQTT","executionId":"36","nodeType":"n8n-nodes-base.if","nodeName":"If","nodeId":"c98917a8-1c67-4489-b800-c1b094f4034c"}}
{"__type":"$$EventMessageConfirm","confirm":"3a92d48f-69d9-4e06-868b-6ec11b4c2ea5","ts":"2026-05-13T15:54:55.919+07:00","source":{"id":"0","name":"eventBus"}}
{"__type":"$$EventMessageNode","id":"778af2ea-1ab6-4f09-80ad-8618abaed62d","ts":"2026-05-13T15:54:55.920+07:00","eventName":"n8n.node.started","message":"n8n.node.started","payload":{"workflowId":"P0OmfbAIeWALp29h","workflowName":"Local MQTT","executionId":"36","nodeType":"n8n-nodes-base.set","nodeName":"Edit Fields","nodeId":"1dd561ca-7987-415c-b260-6bfb3cc54525"}}
{"__type":"$$EventMessageConfirm","confirm":"778af2ea-1ab6-4f09-80ad-8618abaed62d","ts":"2026-05-13T15:54:55.920+07:00","source":{"id":"0","name":"eventBus"}}
{"__type":"$$EventMessageNode","id":"4d19d640-fd6c-4bd1-ab65-2b7c7c164fcb","ts":"2026-05-13T15:54:55.920+07:00","eventName":"n8n.node.finished","message":"n8n.node.finished","payload":{"workflowId":"P0OmfbAIeWALp29h","workflowName":"Local MQTT","executionId":"36","nodeType":"n8n-nodes-base.set","nodeName":"Edit Fields","nodeId":"1dd561ca-7987-415c-b260-6bfb3cc54525"}}
{"__type":"$$EventMessageConfirm","confirm":"4d19d640-fd6c-4bd1-ab65-2b7c7c164fcb","ts":"2026-05-13T15:54:55.921+07:00","source":{"id":"0","name":"eventBus"}}
{"__type":"$$EventMessageWorkflow","id":"91054850-22be-47aa-b8a1-0ebd9e47fd39","ts":"2026-05-13T15:54:55.921+07:00","eventName":"n8n.workflow.success","message":"n8n.workflow.success","payload":{"executionId":"36","success":true,"isManual":false,"mode":"trigger","workflowId":"P0OmfbAIeWALp29h","workflowName":"Local MQTT"}}
{"__type":"$$EventMessageConfirm","confirm":"91054850-22be-47aa-b8a1-0ebd9e47fd39","ts":"2026-05-13T15:54:55.921+07:00","source":{"id":"0","name":"eventBus"}}
{"__type":"$$EventMessageWorkflow","id":"43b32b8b-e7e6-4af6-8c59-6c71a5635816","ts":"2026-05-13T15:55:00.919+07:00","eventName":"n8n.workflow.started","message":"n8n.workflow.started","payload":{"executionId":"37","workflowId":"P0OmfbAIeWALp29h","isManual":false,"mode":"trigger","workflowName":"Local MQTT"}}
{"__type":"$$EventMessageConfirm","confirm":"43b32b8b-e7e6-4af6-8c59-6c71a5635816","ts":"2026-05-13T15:55:00.919+07:00","source":{"id":"0","name":"eventBus"}}
{"__type":"$$EventMessageAudit","id":"47ea5565-4443-4ec2-b56c-673e36a579bf","ts":"2026-05-13T15:55:00.919+07:00","eventName":"n8n.audit.workflow.executed","message":"n8n.audit.workflow.executed","payload":{"workflowId":"P0OmfbAIeWALp29h","workflowName":"Local MQTT","executionId":"37","source":"trigger"}}
{"__type":"$$EventMessageConfirm","confirm":"47ea5565-4443-4ec2-b56c-673e36a579bf","ts":"2026-05-13T15:55:00.919+07:00","source":{"id":"0","name":"eventBus"}}
{"__type":"$$EventMessageNode","id":"440d82f4-e990-409a-963e-cda14ad8cce7","ts":"2026-05-13T15:55:00.919+07:00","eventName":"n8n.node.started","message":"n8n.node.started","payload":{"workflowId":"P0OmfbAIeWALp29h","workflowName":"Local MQTT","executionId":"37","nodeType":"n8n-nodes-base.mqttTrigger","nodeName":"MQTT Trigger","nodeId":"baa908e8-6fd3-45d9-bee5-a383a4713ffc"}}
{"__type":"$$EventMessageConfirm","confirm":"440d82f4-e990-409a-963e-cda14ad8cce7","ts":"2026-05-13T15:55:00.919+07:00","source":{"id":"0","name":"eventBus"}}
{"__type":"$$EventMessageNode","id":"d928781b-816c-4c1f-a4c7-6fa4095f2970","ts":"2026-05-13T15:55:00.919+07:00","eventName":"n8n.node.finished","message":"n8n.node.finished","payload":{"workflowId":"P0OmfbAIeWALp29h","workflowName":"Local MQTT","executionId":"37","nodeType":"n8n-nodes-base.mqttTrigger","nodeName":"MQTT Trigger","nodeId":"baa908e8-6fd3-45d9-bee5-a383a4713ffc"}}
{"__type":"$$EventMessageConfirm","confirm":"d928781b-816c-4c1f-a4c7-6fa4095f2970","ts":"2026-05-13T15:55:00.920+07:00","source":{"id":"0","name":"eventBus"}}
{"__type":"$$EventMessageNode","id":"00816d35-20fc-4ab7-96a3-99d8cf11a2a3","ts":"2026-05-13T15:55:00.920+07:00","eventName":"n8n.node.started","message":"n8n.node.started","payload":{"workflowId":"P0OmfbAIeWALp29h","workflowName":"Local MQTT","executionId":"37","nodeType":"n8n-nodes-base.if","nodeName":"If","nodeId":"c98917a8-1c67-4489-b800-c1b094f4034c"}}
{"__type":"$$EventMessageConfirm","confirm":"00816d35-20fc-4ab7-96a3-99d8cf11a2a3","ts":"2026-05-13T15:55:00.920+07:00","source":{"id":"0","name":"eventBus"}}
{"__type":"$$EventMessageNode","id":"54023d74-0a9e-42a4-8636-4f008655274c","ts":"2026-05-13T15:55:00.921+07:00","eventName":"n8n.node.finished","message":"n8n.node.finished","payload":{"workflowId":"P0OmfbAIeWALp29h","workflowName":"Local MQTT","executionId":"37","nodeType":"n8n-nodes-base.if","nodeName":"If","nodeId":"c98917a8-1c67-4489-b800-c1b094f4034c"}}
{"__type":"$$EventMessageConfirm","confirm":"54023d74-0a9e-42a4-8636-4f008655274c","ts":"2026-05-13T15:55:00.921+07:00","source":{"id":"0","name":"eventBus"}}
{"__type":"$$EventMessageNode","id":"ad7dceef-5a7c-494c-b7a9-8901e909da65","ts":"2026-05-13T15:55:00.921+07:00","eventName":"n8n.node.started","message":"n8n.node.started","payload":{"workflowId":"P0OmfbAIeWALp29h","workflowName":"Local MQTT","executionId":"37","nodeType":"n8n-nodes-base.set","nodeName":"Edit Fields","nodeId":"1dd561ca-7987-415c-b260-6bfb3cc54525"}}
{"__type":"$$EventMessageConfirm","confirm":"ad7dceef-5a7c-494c-b7a9-8901e909da65","ts":"2026-05-13T15:55:00.921+07:00","source":{"id":"0","name":"eventBus"}}
{"__type":"$$EventMessageNode","id":"a4043de9-ca54-4a43-a28f-fe11dd5150e3","ts":"2026-05-13T15:55:00.921+07:00","eventName":"n8n.node.finished","message":"n8n.node.finished","payload":{"workflowId":"P0OmfbAIeWALp29h","workflowName":"Local MQTT","executionId":"37","nodeType":"n8n-nodes-base.set","nodeName":"Edit Fields","nodeId":"1dd561ca-7987-415c-b260-6bfb3cc54525"}}
{"__type":"$$EventMessageConfirm","confirm":"a4043de9-ca54-4a43-a28f-fe11dd5150e3","ts":"2026-05-13T15:55:00.921+07:00","source":{"id":"0","name":"eventBus"}}
{"__type":"$$EventMessageWorkflow","id":"63ddbf41-ef7f-4115-92d9-fed3ef3ed87e","ts":"2026-05-13T15:55:00.922+07:00","eventName":"n8n.workflow.success","message":"n8n.workflow.success","payload":{"executionId":"37","success":true,"isManual":false,"mode":"trigger","workflowId":"P0OmfbAIeWALp29h","workflowName":"Local MQTT"}}
{"__type":"$$EventMessageConfirm","confirm":"63ddbf41-ef7f-4115-92d9-fed3ef3ed87e","ts":"2026-05-13T15:55:00.922+07:00","source":{"id":"0","name":"eventBus"}}
{"__type":"$$EventMessageWorkflow","id":"c9e6201f-2dbd-441a-8fd2-ffdadaf0cd8d","ts":"2026-05-13T15:55:05.905+07:00","eventName":"n8n.workflow.started","message":"n8n.workflow.started","payload":{"executionId":"38","workflowId":"P0OmfbAIeWALp29h","isManual":false,"mode":"trigger","workflowName":"Local MQTT"}}
{"__type":"$$EventMessageConfirm","confirm":"c9e6201f-2dbd-441a-8fd2-ffdadaf0cd8d","ts":"2026-05-13T15:55:05.905+07:00","source":{"id":"0","name":"eventBus"}}
{"__type":"$$EventMessageAudit","id":"29c0aa78-273a-4b03-9363-7645fb7e3b38","ts":"2026-05-13T15:55:05.905+07:00","eventName":"n8n.audit.workflow.executed","message":"n8n.audit.workflow.executed","payload":{"workflowId":"P0OmfbAIeWALp29h","workflowName":"Local MQTT","executionId":"38","source":"trigger"}}
{"__type":"$$EventMessageConfirm","confirm":"29c0aa78-273a-4b03-9363-7645fb7e3b38","ts":"2026-05-13T15:55:05.905+07:00","source":{"id":"0","name":"eventBus"}}
{"__type":"$$EventMessageNode","id":"7cb24b21-d139-422e-8914-b6ec30739e2c","ts":"2026-05-13T15:55:05.905+07:00","eventName":"n8n.node.started","message":"n8n.node.started","payload":{"workflowId":"P0OmfbAIeWALp29h","workflowName":"Local MQTT","executionId":"38","nodeType":"n8n-nodes-base.mqttTrigger","nodeName":"MQTT Trigger","nodeId":"baa908e8-6fd3-45d9-bee5-a383a4713ffc"}}
{"__type":"$$EventMessageConfirm","confirm":"7cb24b21-d139-422e-8914-b6ec30739e2c","ts":"2026-05-13T15:55:05.905+07:00","source":{"id":"0","name":"eventBus"}}
{"__type":"$$EventMessageNode","id":"663366f2-0ecf-4e9d-86ba-7174da829548","ts":"2026-05-13T15:55:05.905+07:00","eventName":"n8n.node.finished","message":"n8n.node.finished","payload":{"workflowId":"P0OmfbAIeWALp29h","workflowName":"Local MQTT","executionId":"38","nodeType":"n8n-nodes-base.mqttTrigger","nodeName":"MQTT Trigger","nodeId":"baa908e8-6fd3-45d9-bee5-a383a4713ffc"}}
{"__type":"$$EventMessageConfirm","confirm":"663366f2-0ecf-4e9d-86ba-7174da829548","ts":"2026-05-13T15:55:05.905+07:00","source":{"id":"0","name":"eventBus"}}
{"__type":"$$EventMessageNode","id":"ec137254-fbd7-4689-8cc3-4af3089bd5f4","ts":"2026-05-13T15:55:05.905+07:00","eventName":"n8n.node.started","message":"n8n.node.started","payload":{"workflowId":"P0OmfbAIeWALp29h","workflowName":"Local MQTT","executionId":"38","nodeType":"n8n-nodes-base.if","nodeName":"If","nodeId":"c98917a8-1c67-4489-b800-c1b094f4034c"}}
{"__type":"$$EventMessageConfirm","confirm":"ec137254-fbd7-4689-8cc3-4af3089bd5f4","ts":"2026-05-13T15:55:05.905+07:00","source":{"id":"0","name":"eventBus"}}
{"__type":"$$EventMessageNode","id":"47ef88a6-dff9-4e7f-9ea5-2a67c9e9bd6d","ts":"2026-05-13T15:55:05.907+07:00","eventName":"n8n.node.finished","message":"n8n.node.finished","payload":{"workflowId":"P0OmfbAIeWALp29h","workflowName":"Local MQTT","executionId":"38","nodeType":"n8n-nodes-base.if","nodeName":"If","nodeId":"c98917a8-1c67-4489-b800-c1b094f4034c"}}
{"__type":"$$EventMessageConfirm","confirm":"47ef88a6-dff9-4e7f-9ea5-2a67c9e9bd6d","ts":"2026-05-13T15:55:05.907+07:00","source":{"id":"0","name":"eventBus"}}
{"__type":"$$EventMessageNode","id":"3d8f0f54-cb1e-4d54-97a4-0edc916d0fd0","ts":"2026-05-13T15:55:05.907+07:00","eventName":"n8n.node.started","message":"n8n.node.started","payload":{"workflowId":"P0OmfbAIeWALp29h","workflowName":"Local MQTT","executionId":"38","nodeType":"n8n-nodes-base.set","nodeName":"Edit Fields","nodeId":"1dd561ca-7987-415c-b260-6bfb3cc54525"}}
{"__type":"$$EventMessageConfirm","confirm":"3d8f0f54-cb1e-4d54-97a4-0edc916d0fd0","ts":"2026-05-13T15:55:05.907+07:00","source":{"id":"0","name":"eventBus"}}
{"__type":"$$EventMessageNode","id":"e5db6fca-a85c-452f-a872-d49773cb4243","ts":"2026-05-13T15:55:05.908+07:00","eventName":"n8n.node.finished","message":"n8n.node.finished","payload":{"workflowId":"P0OmfbAIeWALp29h","workflowName":"Local MQTT","executionId":"38","nodeType":"n8n-nodes-base.set","nodeName":"Edit Fields","nodeId":"1dd561ca-7987-415c-b260-6bfb3cc54525"}}
{"__type":"$$EventMessageConfirm","confirm":"e5db6fca-a85c-452f-a872-d49773cb4243","ts":"2026-05-13T15:55:05.908+07:00","source":{"id":"0","name":"eventBus"}}
{"__type":"$$EventMessageWorkflow","id":"2fd1dd69-f7d1-418b-a8f3-253dd44cf827","ts":"2026-05-13T15:55:05.908+07:00","eventName":"n8n.workflow.success","message":"n8n.workflow.success","payload":{"executionId":"38","success":true,"isManual":false,"mode":"trigger","workflowId":"P0OmfbAIeWALp29h","workflowName":"Local MQTT"}}
{"__type":"$$EventMessageConfirm","confirm":"2fd1dd69-f7d1-418b-a8f3-253dd44cf827","ts":"2026-05-13T15:55:05.908+07:00","source":{"id":"0","name":"eventBus"}}
{"__type":"$$EventMessageWorkflow","id":"cd8fd47a-ac85-485e-aed7-935448bfe089","ts":"2026-05-13T15:55:10.924+07:00","eventName":"n8n.workflow.started","message":"n8n.workflow.started","payload":{"executionId":"39","workflowId":"P0OmfbAIeWALp29h","isManual":false,"mode":"trigger","workflowName":"Local MQTT"}}
{"__type":"$$EventMessageConfirm","confirm":"cd8fd47a-ac85-485e-aed7-935448bfe089","ts":"2026-05-13T15:55:10.924+07:00","source":{"id":"0","name":"eventBus"}}
{"__type":"$$EventMessageAudit","id":"37f3e34b-f5e6-4752-946b-35f888245954","ts":"2026-05-13T15:55:10.924+07:00","eventName":"n8n.audit.workflow.executed","message":"n8n.audit.workflow.executed","payload":{"workflowId":"P0OmfbAIeWALp29h","workflowName":"Local MQTT","executionId":"39","source":"trigger"}}
{"__type":"$$EventMessageConfirm","confirm":"37f3e34b-f5e6-4752-946b-35f888245954","ts":"2026-05-13T15:55:10.924+07:00","source":{"id":"0","name":"eventBus"}}
{"__type":"$$EventMessageNode","id":"fd5dccd2-d0d3-4d2d-b364-4f584ba197a4","ts":"2026-05-13T15:55:10.924+07:00","eventName":"n8n.node.started","message":"n8n.node.started","payload":{"workflowId":"P0OmfbAIeWALp29h","workflowName":"Local MQTT","executionId":"39","nodeType":"n8n-nodes-base.mqttTrigger","nodeName":"MQTT Trigger","nodeId":"baa908e8-6fd3-45d9-bee5-a383a4713ffc"}}
{"__type":"$$EventMessageConfirm","confirm":"fd5dccd2-d0d3-4d2d-b364-4f584ba197a4","ts":"2026-05-13T15:55:10.924+07:00","source":{"id":"0","name":"eventBus"}}
{"__type":"$$EventMessageNode","id":"85afe730-0e98-42ca-85b7-eef75d6f2197","ts":"2026-05-13T15:55:10.925+07:00","eventName":"n8n.node.finished","message":"n8n.node.finished","payload":{"workflowId":"P0OmfbAIeWALp29h","workflowName":"Local MQTT","executionId":"39","nodeType":"n8n-nodes-base.mqttTrigger","nodeName":"MQTT Trigger","nodeId":"baa908e8-6fd3-45d9-bee5-a383a4713ffc"}}
{"__type":"$$EventMessageConfirm","confirm":"85afe730-0e98-42ca-85b7-eef75d6f2197","ts":"2026-05-13T15:55:10.925+07:00","source":{"id":"0","name":"eventBus"}}
{"__type":"$$EventMessageNode","id":"dc0c720e-6449-4b32-8905-66a0dac11f20","ts":"2026-05-13T15:55:10.925+07:00","eventName":"n8n.node.started","message":"n8n.node.started","payload":{"workflowId":"P0OmfbAIeWALp29h","workflowName":"Local MQTT","executionId":"39","nodeType":"n8n-nodes-base.if","nodeName":"If","nodeId":"c98917a8-1c67-4489-b800-c1b094f4034c"}}
{"__type":"$$EventMessageConfirm","confirm":"dc0c720e-6449-4b32-8905-66a0dac11f20","ts":"2026-05-13T15:55:10.925+07:00","source":{"id":"0","name":"eventBus"}}
{"__type":"$$EventMessageNode","id":"c669eda7-72e0-499a-8d70-5f5f5b980fcb","ts":"2026-05-13T15:55:10.926+07:00","eventName":"n8n.node.finished","message":"n8n.node.finished","payload":{"workflowId":"P0OmfbAIeWALp29h","workflowName":"Local MQTT","executionId":"39","nodeType":"n8n-nodes-base.if","nodeName":"If","nodeId":"c98917a8-1c67-4489-b800-c1b094f4034c"}}
{"__type":"$$EventMessageConfirm","confirm":"c669eda7-72e0-499a-8d70-5f5f5b980fcb","ts":"2026-05-13T15:55:10.926+07:00","source":{"id":"0","name":"eventBus"}}
{"__type":"$$EventMessageNode","id":"41e1981a-4155-4efd-9f15-267d0bf96dfc","ts":"2026-05-13T15:55:10.926+07:00","eventName":"n8n.node.started","message":"n8n.node.started","payload":{"workflowId":"P0OmfbAIeWALp29h","workflowName":"Local MQTT","executionId":"39","nodeType":"n8n-nodes-base.set","nodeName":"Edit Fields","nodeId":"1dd561ca-7987-415c-b260-6bfb3cc54525"}}
{"__type":"$$EventMessageConfirm","confirm":"41e1981a-4155-4efd-9f15-267d0bf96dfc","ts":"2026-05-13T15:55:10.926+07:00","source":{"id":"0","name":"eventBus"}}
{"__type":"$$EventMessageNode","id":"f72e296e-b4b9-4d06-b95a-43c93f19c6d6","ts":"2026-05-13T15:55:10.926+07:00","eventName":"n8n.node.finished","message":"n8n.node.finished","payload":{"workflowId":"P0OmfbAIeWALp29h","workflowName":"Local MQTT","executionId":"39","nodeType":"n8n-nodes-base.set","nodeName":"Edit Fields","nodeId":"1dd561ca-7987-415c-b260-6bfb3cc54525"}}
{"__type":"$$EventMessageConfirm","confirm":"f72e296e-b4b9-4d06-b95a-43c93f19c6d6","ts":"2026-05-13T15:55:10.927+07:00","source":{"id":"0","name":"eventBus"}}
{"__type":"$$EventMessageWorkflow","id":"6e6c8909-7fb7-4121-bdab-303a2df74656","ts":"2026-05-13T15:55:10.927+07:00","eventName":"n8n.workflow.success","message":"n8n.workflow.success","payload":{"executionId":"39","success":true,"isManual":false,"mode":"trigger","workflowId":"P0OmfbAIeWALp29h","workflowName":"Local MQTT"}}
{"__type":"$$EventMessageConfirm","confirm":"6e6c8909-7fb7-4121-bdab-303a2df74656","ts":"2026-05-13T15:55:10.927+07:00","source":{"id":"0","name":"eventBus"}}
{"__type":"$$EventMessageWorkflow","id":"ade5db59-8472-4354-b10d-a13996e7e4aa","ts":"2026-05-13T15:55:15.919+07:00","eventName":"n8n.workflow.started","message":"n8n.workflow.started","payload":{"executionId":"40","workflowId":"P0OmfbAIeWALp29h","isManual":false,"mode":"trigger","workflowName":"Local MQTT"}}
{"__type":"$$EventMessageConfirm","confirm":"ade5db59-8472-4354-b10d-a13996e7e4aa","ts":"2026-05-13T15:55:15.920+07:00","source":{"id":"0","name":"eventBus"}}
{"__type":"$$EventMessageAudit","id":"b9121597-cff1-4103-9bd3-b735142c8b07","ts":"2026-05-13T15:55:15.920+07:00","eventName":"n8n.audit.workflow.executed","message":"n8n.audit.workflow.executed","payload":{"workflowId":"P0OmfbAIeWALp29h","workflowName":"Local MQTT","executionId":"40","source":"trigger"}}
{"__type":"$$EventMessageConfirm","confirm":"b9121597-cff1-4103-9bd3-b735142c8b07","ts":"2026-05-13T15:55:15.920+07:00","source":{"id":"0","name":"eventBus"}}
{"__type":"$$EventMessageNode","id":"2237d20e-eb1d-463a-9652-0f34e8814575","ts":"2026-05-13T15:55:15.920+07:00","eventName":"n8n.node.started","message":"n8n.node.started","payload":{"workflowId":"P0OmfbAIeWALp29h","workflowName":"Local MQTT","executionId":"40","nodeType":"n8n-nodes-base.mqttTrigger","nodeName":"MQTT Trigger","nodeId":"baa908e8-6fd3-45d9-bee5-a383a4713ffc"}}
{"__type":"$$EventMessageConfirm","confirm":"2237d20e-eb1d-463a-9652-0f34e8814575","ts":"2026-05-13T15:55:15.920+07:00","source":{"id":"0","name":"eventBus"}}
{"__type":"$$EventMessageNode","id":"50e5a481-9c07-47c3-aa81-b4497e9fa058","ts":"2026-05-13T15:55:15.920+07:00","eventName":"n8n.node.finished","message":"n8n.node.finished","payload":{"workflowId":"P0OmfbAIeWALp29h","workflowName":"Local MQTT","executionId":"40","nodeType":"n8n-nodes-base.mqttTrigger","nodeName":"MQTT Trigger","nodeId":"baa908e8-6fd3-45d9-bee5-a383a4713ffc"}}
{"__type":"$$EventMessageConfirm","confirm":"50e5a481-9c07-47c3-aa81-b4497e9fa058","ts":"2026-05-13T15:55:15.920+07:00","source":{"id":"0","name":"eventBus"}}
{"__type":"$$EventMessageNode","id":"7a15f905-5614-4a9e-a023-8377835afda6","ts":"2026-05-13T15:55:15.920+07:00","eventName":"n8n.node.started","message":"n8n.node.started","payload":{"workflowId":"P0OmfbAIeWALp29h","workflowName":"Local MQTT","executionId":"40","nodeType":"n8n-nodes-base.if","nodeName":"If","nodeId":"c98917a8-1c67-4489-b800-c1b094f4034c"}}
{"__type":"$$EventMessageConfirm","confirm":"7a15f905-5614-4a9e-a023-8377835afda6","ts":"2026-05-13T15:55:15.920+07:00","source":{"id":"0","name":"eventBus"}}
{"__type":"$$EventMessageNode","id":"c5e2ed9c-55e9-4b18-b00e-10f2b09bb9a2","ts":"2026-05-13T15:55:15.921+07:00","eventName":"n8n.node.finished","message":"n8n.node.finished","payload":{"workflowId":"P0OmfbAIeWALp29h","workflowName":"Local MQTT","executionId":"40","nodeType":"n8n-nodes-base.if","nodeName":"If","nodeId":"c98917a8-1c67-4489-b800-c1b094f4034c"}}
{"__type":"$$EventMessageConfirm","confirm":"c5e2ed9c-55e9-4b18-b00e-10f2b09bb9a2","ts":"2026-05-13T15:55:15.921+07:00","source":{"id":"0","name":"eventBus"}}
{"__type":"$$EventMessageNode","id":"67ac9fd3-c642-4864-a7a1-c3f520bc85bd","ts":"2026-05-13T15:55:15.921+07:00","eventName":"n8n.node.started","message":"n8n.node.started","payload":{"workflowId":"P0OmfbAIeWALp29h","workflowName":"Local MQTT","executionId":"40","nodeType":"n8n-nodes-base.set","nodeName":"Edit Fields","nodeId":"1dd561ca-7987-415c-b260-6bfb3cc54525"}}
{"__type":"$$EventMessageConfirm","confirm":"67ac9fd3-c642-4864-a7a1-c3f520bc85bd","ts":"2026-05-13T15:55:15.921+07:00","source":{"id":"0","name":"eventBus"}}
{"__type":"$$EventMessageNode","id":"a2810321-0315-4cd2-87e0-d8477445e140","ts":"2026-05-13T15:55:15.921+07:00","eventName":"n8n.node.finished","message":"n8n.node.finished","payload":{"workflowId":"P0OmfbAIeWALp29h","workflowName":"Local MQTT","executionId":"40","nodeType":"n8n-nodes-base.set","nodeName":"Edit Fields","nodeId":"1dd561ca-7987-415c-b260-6bfb3cc54525"}}
{"__type":"$$EventMessageConfirm","confirm":"a2810321-0315-4cd2-87e0-d8477445e140","ts":"2026-05-13T15:55:15.921+07:00","source":{"id":"0","name":"eventBus"}}
{"__type":"$$EventMessageWorkflow","id":"160fbbff-132c-4077-a503-dccceb0d204e","ts":"2026-05-13T15:55:15.922+07:00","eventName":"n8n.workflow.success","message":"n8n.workflow.success","payload":{"executionId":"40","success":true,"isManual":false,"mode":"trigger","workflowId":"P0OmfbAIeWALp29h","workflowName":"Local MQTT"}}
{"__type":"$$EventMessageConfirm","confirm":"160fbbff-132c-4077-a503-dccceb0d204e","ts":"2026-05-13T15:55:15.922+07:00","source":{"id":"0","name":"eventBus"}}
{"__type":"$$EventMessageWorkflow","id":"a6fbfab8-d632-4636-8609-c22ecf6bf8ec","ts":"2026-05-13T15:55:20.927+07:00","eventName":"n8n.workflow.started","message":"n8n.workflow.started","payload":{"executionId":"41","workflowId":"P0OmfbAIeWALp29h","isManual":false,"mode":"trigger","workflowName":"Local MQTT"}}
{"__type":"$$EventMessageConfirm","confirm":"a6fbfab8-d632-4636-8609-c22ecf6bf8ec","ts":"2026-05-13T15:55:20.927+07:00","source":{"id":"0","name":"eventBus"}}
{"__type":"$$EventMessageAudit","id":"9cafb0cf-03c9-47c3-b3ea-c5a5f987fefa","ts":"2026-05-13T15:55:20.927+07:00","eventName":"n8n.audit.workflow.executed","message":"n8n.audit.workflow.executed","payload":{"workflowId":"P0OmfbAIeWALp29h","workflowName":"Local MQTT","executionId":"41","source":"trigger"}}
{"__type":"$$EventMessageConfirm","confirm":"9cafb0cf-03c9-47c3-b3ea-c5a5f987fefa","ts":"2026-05-13T15:55:20.927+07:00","source":{"id":"0","name":"eventBus"}}
{"__type":"$$EventMessageNode","id":"8716541d-2481-42ed-a88b-9497612af14b","ts":"2026-05-13T15:55:20.927+07:00","eventName":"n8n.node.started","message":"n8n.node.started","payload":{"workflowId":"P0OmfbAIeWALp29h","workflowName":"Local MQTT","executionId":"41","nodeType":"n8n-nodes-base.mqttTrigger","nodeName":"MQTT Trigger","nodeId":"baa908e8-6fd3-45d9-bee5-a383a4713ffc"}}
{"__type":"$$EventMessageConfirm","confirm":"8716541d-2481-42ed-a88b-9497612af14b","ts":"2026-05-13T15:55:20.927+07:00","source":{"id":"0","name":"eventBus"}}
{"__type":"$$EventMessageNode","id":"d471363d-624e-4622-a4a3-bcf767fe57d9","ts":"2026-05-13T15:55:20.927+07:00","eventName":"n8n.node.finished","message":"n8n.node.finished","payload":{"workflowId":"P0OmfbAIeWALp29h","workflowName":"Local MQTT","executionId":"41","nodeType":"n8n-nodes-base.mqttTrigger","nodeName":"MQTT Trigger","nodeId":"baa908e8-6fd3-45d9-bee5-a383a4713ffc"}}
{"__type":"$$EventMessageConfirm","confirm":"d471363d-624e-4622-a4a3-bcf767fe57d9","ts":"2026-05-13T15:55:20.927+07:00","source":{"id":"0","name":"eventBus"}}
{"__type":"$$EventMessageNode","id":"7714dccb-f55a-4ead-a4c4-a682e9ec2109","ts":"2026-05-13T15:55:20.927+07:00","eventName":"n8n.node.started","message":"n8n.node.started","payload":{"workflowId":"P0OmfbAIeWALp29h","workflowName":"Local MQTT","executionId":"41","nodeType":"n8n-nodes-base.if","nodeName":"If","nodeId":"c98917a8-1c67-4489-b800-c1b094f4034c"}}
{"__type":"$$EventMessageConfirm","confirm":"7714dccb-f55a-4ead-a4c4-a682e9ec2109","ts":"2026-05-13T15:55:20.927+07:00","source":{"id":"0","name":"eventBus"}}
{"__type":"$$EventMessageNode","id":"83ebd8f3-7248-46dd-932d-6c45967a8c65","ts":"2026-05-13T15:55:20.928+07:00","eventName":"n8n.node.finished","message":"n8n.node.finished","payload":{"workflowId":"P0OmfbAIeWALp29h","workflowName":"Local MQTT","executionId":"41","nodeType":"n8n-nodes-base.if","nodeName":"If","nodeId":"c98917a8-1c67-4489-b800-c1b094f4034c"}}
{"__type":"$$EventMessageConfirm","confirm":"83ebd8f3-7248-46dd-932d-6c45967a8c65","ts":"2026-05-13T15:55:20.928+07:00","source":{"id":"0","name":"eventBus"}}
{"__type":"$$EventMessageNode","id":"556f1a28-4d82-463d-8650-f7856412ce08","ts":"2026-05-13T15:55:20.928+07:00","eventName":"n8n.node.started","message":"n8n.node.started","payload":{"workflowId":"P0OmfbAIeWALp29h","workflowName":"Local MQTT","executionId":"41","nodeType":"n8n-nodes-base.set","nodeName":"Edit Fields","nodeId":"1dd561ca-7987-415c-b260-6bfb3cc54525"}}
{"__type":"$$EventMessageConfirm","confirm":"556f1a28-4d82-463d-8650-f7856412ce08","ts":"2026-05-13T15:55:20.928+07:00","source":{"id":"0","name":"eventBus"}}
{"__type":"$$EventMessageNode","id":"792ffdf0-e8d4-46e8-824f-28da1f73a123","ts":"2026-05-13T15:55:20.929+07:00","eventName":"n8n.node.finished","message":"n8n.node.finished","payload":{"workflowId":"P0OmfbAIeWALp29h","workflowName":"Local MQTT","executionId":"41","nodeType":"n8n-nodes-base.set","nodeName":"Edit Fields","nodeId":"1dd561ca-7987-415c-b260-6bfb3cc54525"}}
{"__type":"$$EventMessageConfirm","confirm":"792ffdf0-e8d4-46e8-824f-28da1f73a123","ts":"2026-05-13T15:55:20.929+07:00","source":{"id":"0","name":"eventBus"}}
{"__type":"$$EventMessageWorkflow","id":"5f41fba8-5122-4734-a70b-61606a1ab1dd","ts":"2026-05-13T15:55:20.929+07:00","eventName":"n8n.workflow.success","message":"n8n.workflow.success","payload":{"executionId":"41","success":true,"isManual":false,"mode":"trigger","workflowId":"P0OmfbAIeWALp29h","workflowName":"Local MQTT"}}
{"__type":"$$EventMessageConfirm","confirm":"5f41fba8-5122-4734-a70b-61606a1ab1dd","ts":"2026-05-13T15:55:20.929+07:00","source":{"id":"0","name":"eventBus"}}
{"__type":"$$EventMessageWorkflow","id":"2c946bcf-57f1-46a5-a77f-306731c16a24","ts":"2026-05-13T15:55:25.922+07:00","eventName":"n8n.workflow.started","message":"n8n.workflow.started","payload":{"executionId":"42","workflowId":"P0OmfbAIeWALp29h","isManual":false,"mode":"trigger","workflowName":"Local MQTT"}}
{"__type":"$$EventMessageConfirm","confirm":"2c946bcf-57f1-46a5-a77f-306731c16a24","ts":"2026-05-13T15:55:25.922+07:00","source":{"id":"0","name":"eventBus"}}
{"__type":"$$EventMessageAudit","id":"ccea99ef-1400-4764-b606-bedeb9d689c5","ts":"2026-05-13T15:55:25.922+07:00","eventName":"n8n.audit.workflow.executed","message":"n8n.audit.workflow.executed","payload":{"workflowId":"P0OmfbAIeWALp29h","workflowName":"Local MQTT","executionId":"42","source":"trigger"}}
{"__type":"$$EventMessageConfirm","confirm":"ccea99ef-1400-4764-b606-bedeb9d689c5","ts":"2026-05-13T15:55:25.922+07:00","source":{"id":"0","name":"eventBus"}}
{"__type":"$$EventMessageNode","id":"7e261401-7bf0-4ca6-a819-a787b426af5c","ts":"2026-05-13T15:55:25.922+07:00","eventName":"n8n.node.started","message":"n8n.node.started","payload":{"workflowId":"P0OmfbAIeWALp29h","workflowName":"Local MQTT","executionId":"42","nodeType":"n8n-nodes-base.mqttTrigger","nodeName":"MQTT Trigger","nodeId":"baa908e8-6fd3-45d9-bee5-a383a4713ffc"}}
{"__type":"$$EventMessageConfirm","confirm":"7e261401-7bf0-4ca6-a819-a787b426af5c","ts":"2026-05-13T15:55:25.922+07:00","source":{"id":"0","name":"eventBus"}}
{"__type":"$$EventMessageNode","id":"24442b96-3c61-4229-8617-dbf6a0bdca7f","ts":"2026-05-13T15:55:25.922+07:00","eventName":"n8n.node.finished","message":"n8n.node.finished","payload":{"workflowId":"P0OmfbAIeWALp29h","workflowName":"Local MQTT","executionId":"42","nodeType":"n8n-nodes-base.mqttTrigger","nodeName":"MQTT Trigger","nodeId":"baa908e8-6fd3-45d9-bee5-a383a4713ffc"}}
{"__type":"$$EventMessageConfirm","confirm":"24442b96-3c61-4229-8617-dbf6a0bdca7f","ts":"2026-05-13T15:55:25.922+07:00","source":{"id":"0","name":"eventBus"}}
{"__type":"$$EventMessageNode","id":"c4a580cb-fa99-4e49-9b22-d6a66fe24df8","ts":"2026-05-13T15:55:25.923+07:00","eventName":"n8n.node.started","message":"n8n.node.started","payload":{"workflowId":"P0OmfbAIeWALp29h","workflowName":"Local MQTT","executionId":"42","nodeType":"n8n-nodes-base.if","nodeName":"If","nodeId":"c98917a8-1c67-4489-b800-c1b094f4034c"}}
{"__type":"$$EventMessageConfirm","confirm":"c4a580cb-fa99-4e49-9b22-d6a66fe24df8","ts":"2026-05-13T15:55:25.923+07:00","source":{"id":"0","name":"eventBus"}}
{"__type":"$$EventMessageNode","id":"e2252d8c-e916-4cd2-b34a-6c2e67f1dc49","ts":"2026-05-13T15:55:25.924+07:00","eventName":"n8n.node.finished","message":"n8n.node.finished","payload":{"workflowId":"P0OmfbAIeWALp29h","workflowName":"Local MQTT","executionId":"42","nodeType":"n8n-nodes-base.if","nodeName":"If","nodeId":"c98917a8-1c67-4489-b800-c1b094f4034c"}}
{"__type":"$$EventMessageConfirm","confirm":"e2252d8c-e916-4cd2-b34a-6c2e67f1dc49","ts":"2026-05-13T15:55:25.924+07:00","source":{"id":"0","name":"eventBus"}}
{"__type":"$$EventMessageNode","id":"f4887d27-77f5-499b-bd48-e295cf178f26","ts":"2026-05-13T15:55:25.924+07:00","eventName":"n8n.node.started","message":"n8n.node.started","payload":{"workflowId":"P0OmfbAIeWALp29h","workflowName":"Local MQTT","executionId":"42","nodeType":"n8n-nodes-base.set","nodeName":"Edit Fields","nodeId":"1dd561ca-7987-415c-b260-6bfb3cc54525"}}
{"__type":"$$EventMessageConfirm","confirm":"f4887d27-77f5-499b-bd48-e295cf178f26","ts":"2026-05-13T15:55:25.925+07:00","source":{"id":"0","name":"eventBus"}}
{"__type":"$$EventMessageNode","id":"8232dcfc-bb8a-4e8e-ae51-ca949491c376","ts":"2026-05-13T15:55:25.926+07:00","eventName":"n8n.node.finished","message":"n8n.node.finished","payload":{"workflowId":"P0OmfbAIeWALp29h","workflowName":"Local MQTT","executionId":"42","nodeType":"n8n-nodes-base.set","nodeName":"Edit Fields","nodeId":"1dd561ca-7987-415c-b260-6bfb3cc54525"}}
{"__type":"$$EventMessageConfirm","confirm":"8232dcfc-bb8a-4e8e-ae51-ca949491c376","ts":"2026-05-13T15:55:25.926+07:00","source":{"id":"0","name":"eventBus"}}
{"__type":"$$EventMessageWorkflow","id":"8ac0da05-d3d3-4c8a-92f5-b70195c58d13","ts":"2026-05-13T15:55:25.926+07:00","eventName":"n8n.workflow.success","message":"n8n.workflow.success","payload":{"executionId":"42","success":true,"isManual":false,"mode":"trigger","workflowId":"P0OmfbAIeWALp29h","workflowName":"Local MQTT"}}
{"__type":"$$EventMessageConfirm","confirm":"8ac0da05-d3d3-4c8a-92f5-b70195c58d13","ts":"2026-05-13T15:55:25.926+07:00","source":{"id":"0","name":"eventBus"}}
{"__type":"$$EventMessageWorkflow","id":"86b2ff0d-4e3c-47ab-be06-dbb17c1817a8","ts":"2026-05-13T15:55:30.931+07:00","eventName":"n8n.workflow.started","message":"n8n.workflow.started","payload":{"executionId":"43","workflowId":"P0OmfbAIeWALp29h","isManual":false,"mode":"trigger","workflowName":"Local MQTT"}}
{"__type":"$$EventMessageConfirm","confirm":"86b2ff0d-4e3c-47ab-be06-dbb17c1817a8","ts":"2026-05-13T15:55:30.931+07:00","source":{"id":"0","name":"eventBus"}}
{"__type":"$$EventMessageAudit","id":"091e57e9-ce35-4768-82d3-f7a0890a2edc","ts":"2026-05-13T15:55:30.931+07:00","eventName":"n8n.audit.workflow.executed","message":"n8n.audit.workflow.executed","payload":{"workflowId":"P0OmfbAIeWALp29h","workflowName":"Local MQTT","executionId":"43","source":"trigger"}}
{"__type":"$$EventMessageConfirm","confirm":"091e57e9-ce35-4768-82d3-f7a0890a2edc","ts":"2026-05-13T15:55:30.931+07:00","source":{"id":"0","name":"eventBus"}}
{"__type":"$$EventMessageNode","id":"2f888c8c-78e5-462c-a710-28507a7eac9b","ts":"2026-05-13T15:55:30.931+07:00","eventName":"n8n.node.started","message":"n8n.node.started","payload":{"workflowId":"P0OmfbAIeWALp29h","workflowName":"Local MQTT","executionId":"43","nodeType":"n8n-nodes-base.mqttTrigger","nodeName":"MQTT Trigger","nodeId":"baa908e8-6fd3-45d9-bee5-a383a4713ffc"}}
{"__type":"$$EventMessageConfirm","confirm":"2f888c8c-78e5-462c-a710-28507a7eac9b","ts":"2026-05-13T15:55:30.931+07:00","source":{"id":"0","name":"eventBus"}}
{"__type":"$$EventMessageNode","id":"563d3940-7d7b-4efe-a5e1-f0e2edb9c491","ts":"2026-05-13T15:55:30.931+07:00","eventName":"n8n.node.finished","message":"n8n.node.finished","payload":{"workflowId":"P0OmfbAIeWALp29h","workflowName":"Local MQTT","executionId":"43","nodeType":"n8n-nodes-base.mqttTrigger","nodeName":"MQTT Trigger","nodeId":"baa908e8-6fd3-45d9-bee5-a383a4713ffc"}}
{"__type":"$$EventMessageConfirm","confirm":"563d3940-7d7b-4efe-a5e1-f0e2edb9c491","ts":"2026-05-13T15:55:30.931+07:00","source":{"id":"0","name":"eventBus"}}
{"__type":"$$EventMessageNode","id":"6bfd81e6-0bea-4853-a60b-2962e9e84619","ts":"2026-05-13T15:55:30.931+07:00","eventName":"n8n.node.started","message":"n8n.node.started","payload":{"workflowId":"P0OmfbAIeWALp29h","workflowName":"Local MQTT","executionId":"43","nodeType":"n8n-nodes-base.if","nodeName":"If","nodeId":"c98917a8-1c67-4489-b800-c1b094f4034c"}}
{"__type":"$$EventMessageConfirm","confirm":"6bfd81e6-0bea-4853-a60b-2962e9e84619","ts":"2026-05-13T15:55:30.931+07:00","source":{"id":"0","name":"eventBus"}}
{"__type":"$$EventMessageNode","id":"4e74a989-5c36-48ec-adb8-f88c9ccc177c","ts":"2026-05-13T15:55:30.932+07:00","eventName":"n8n.node.finished","message":"n8n.node.finished","payload":{"workflowId":"P0OmfbAIeWALp29h","workflowName":"Local MQTT","executionId":"43","nodeType":"n8n-nodes-base.if","nodeName":"If","nodeId":"c98917a8-1c67-4489-b800-c1b094f4034c"}}
{"__type":"$$EventMessageConfirm","confirm":"4e74a989-5c36-48ec-adb8-f88c9ccc177c","ts":"2026-05-13T15:55:30.932+07:00","source":{"id":"0","name":"eventBus"}}
{"__type":"$$EventMessageNode","id":"ff33664f-2360-46a1-ba1c-c20fd4c7ab46","ts":"2026-05-13T15:55:30.932+07:00","eventName":"n8n.node.started","message":"n8n.node.started","payload":{"workflowId":"P0OmfbAIeWALp29h","workflowName":"Local MQTT","executionId":"43","nodeType":"n8n-nodes-base.set","nodeName":"Edit Fields","nodeId":"1dd561ca-7987-415c-b260-6bfb3cc54525"}}
{"__type":"$$EventMessageConfirm","confirm":"ff33664f-2360-46a1-ba1c-c20fd4c7ab46","ts":"2026-05-13T15:55:30.932+07:00","source":{"id":"0","name":"eventBus"}}
{"__type":"$$EventMessageNode","id":"6f6efba4-c0bc-4083-9b65-a4ac116e6c2e","ts":"2026-05-13T15:55:30.932+07:00","eventName":"n8n.node.finished","message":"n8n.node.finished","payload":{"workflowId":"P0OmfbAIeWALp29h","workflowName":"Local MQTT","executionId":"43","nodeType":"n8n-nodes-base.set","nodeName":"Edit Fields","nodeId":"1dd561ca-7987-415c-b260-6bfb3cc54525"}}
{"__type":"$$EventMessageConfirm","confirm":"6f6efba4-c0bc-4083-9b65-a4ac116e6c2e","ts":"2026-05-13T15:55:30.933+07:00","source":{"id":"0","name":"eventBus"}}
{"__type":"$$EventMessageWorkflow","id":"cf43e8bd-d50c-408d-acd8-dcac967caf71","ts":"2026-05-13T15:55:30.933+07:00","eventName":"n8n.workflow.success","message":"n8n.workflow.success","payload":{"executionId":"43","success":true,"isManual":false,"mode":"trigger","workflowId":"P0OmfbAIeWALp29h","workflowName":"Local MQTT"}}
{"__type":"$$EventMessageConfirm","confirm":"cf43e8bd-d50c-408d-acd8-dcac967caf71","ts":"2026-05-13T15:55:30.933+07:00","source":{"id":"0","name":"eventBus"}}
{"__type":"$$EventMessageWorkflow","id":"bae88be8-bf8d-445c-adc9-1455501a9bf3","ts":"2026-05-13T15:55:35.910+07:00","eventName":"n8n.workflow.started","message":"n8n.workflow.started","payload":{"executionId":"44","workflowId":"P0OmfbAIeWALp29h","isManual":false,"mode":"trigger","workflowName":"Local MQTT"}}
{"__type":"$$EventMessageConfirm","confirm":"bae88be8-bf8d-445c-adc9-1455501a9bf3","ts":"2026-05-13T15:55:35.910+07:00","source":{"id":"0","name":"eventBus"}}
{"__type":"$$EventMessageAudit","id":"fab32679-db36-448b-a5f2-dff8fdcb8680","ts":"2026-05-13T15:55:35.910+07:00","eventName":"n8n.audit.workflow.executed","message":"n8n.audit.workflow.executed","payload":{"workflowId":"P0OmfbAIeWALp29h","workflowName":"Local MQTT","executionId":"44","source":"trigger"}}
{"__type":"$$EventMessageConfirm","confirm":"fab32679-db36-448b-a5f2-dff8fdcb8680","ts":"2026-05-13T15:55:35.910+07:00","source":{"id":"0","name":"eventBus"}}
{"__type":"$$EventMessageNode","id":"9e809d4a-5085-4f43-8020-c37df02e37c2","ts":"2026-05-13T15:55:35.910+07:00","eventName":"n8n.node.started","message":"n8n.node.started","payload":{"workflowId":"P0OmfbAIeWALp29h","workflowName":"Local MQTT","executionId":"44","nodeType":"n8n-nodes-base.mqttTrigger","nodeName":"MQTT Trigger","nodeId":"baa908e8-6fd3-45d9-bee5-a383a4713ffc"}}
{"__type":"$$EventMessageConfirm","confirm":"9e809d4a-5085-4f43-8020-c37df02e37c2","ts":"2026-05-13T15:55:35.910+07:00","source":{"id":"0","name":"eventBus"}}
{"__type":"$$EventMessageNode","id":"90d589a9-3b8c-4da2-8f5d-0a3ca871b44d","ts":"2026-05-13T15:55:35.911+07:00","eventName":"n8n.node.finished","message":"n8n.node.finished","payload":{"workflowId":"P0OmfbAIeWALp29h","workflowName":"Local MQTT","executionId":"44","nodeType":"n8n-nodes-base.mqttTrigger","nodeName":"MQTT Trigger","nodeId":"baa908e8-6fd3-45d9-bee5-a383a4713ffc"}}
{"__type":"$$EventMessageConfirm","confirm":"90d589a9-3b8c-4da2-8f5d-0a3ca871b44d","ts":"2026-05-13T15:55:35.911+07:00","source":{"id":"0","name":"eventBus"}}
{"__type":"$$EventMessageNode","id":"80967b80-54a7-40e0-b916-d37d4ef2aa51","ts":"2026-05-13T15:55:35.911+07:00","eventName":"n8n.node.started","message":"n8n.node.started","payload":{"workflowId":"P0OmfbAIeWALp29h","workflowName":"Local MQTT","executionId":"44","nodeType":"n8n-nodes-base.if","nodeName":"If","nodeId":"c98917a8-1c67-4489-b800-c1b094f4034c"}}
{"__type":"$$EventMessageConfirm","confirm":"80967b80-54a7-40e0-b916-d37d4ef2aa51","ts":"2026-05-13T15:55:35.911+07:00","source":{"id":"0","name":"eventBus"}}
{"__type":"$$EventMessageNode","id":"b71b01a9-9a09-4169-afae-56af451b3781","ts":"2026-05-13T15:55:35.911+07:00","eventName":"n8n.node.finished","message":"n8n.node.finished","payload":{"workflowId":"P0OmfbAIeWALp29h","workflowName":"Local MQTT","executionId":"44","nodeType":"n8n-nodes-base.if","nodeName":"If","nodeId":"c98917a8-1c67-4489-b800-c1b094f4034c"}}
{"__type":"$$EventMessageConfirm","confirm":"b71b01a9-9a09-4169-afae-56af451b3781","ts":"2026-05-13T15:55:35.912+07:00","source":{"id":"0","name":"eventBus"}}
{"__type":"$$EventMessageNode","id":"89cd6436-4471-4a88-bf61-fc5ae8c09f0d","ts":"2026-05-13T15:55:35.912+07:00","eventName":"n8n.node.started","message":"n8n.node.started","payload":{"workflowId":"P0OmfbAIeWALp29h","workflowName":"Local MQTT","executionId":"44","nodeType":"n8n-nodes-base.set","nodeName":"Edit Fields","nodeId":"1dd561ca-7987-415c-b260-6bfb3cc54525"}}
{"__type":"$$EventMessageConfirm","confirm":"89cd6436-4471-4a88-bf61-fc5ae8c09f0d","ts":"2026-05-13T15:55:35.912+07:00","source":{"id":"0","name":"eventBus"}}
{"__type":"$$EventMessageNode","id":"df060ac2-ee54-40c3-a515-4b6b44f177b9","ts":"2026-05-13T15:55:35.912+07:00","eventName":"n8n.node.finished","message":"n8n.node.finished","payload":{"workflowId":"P0OmfbAIeWALp29h","workflowName":"Local MQTT","executionId":"44","nodeType":"n8n-nodes-base.set","nodeName":"Edit Fields","nodeId":"1dd561ca-7987-415c-b260-6bfb3cc54525"}}
{"__type":"$$EventMessageConfirm","confirm":"df060ac2-ee54-40c3-a515-4b6b44f177b9","ts":"2026-05-13T15:55:35.912+07:00","source":{"id":"0","name":"eventBus"}}
{"__type":"$$EventMessageWorkflow","id":"7f7670a3-2649-4443-801e-c8d073dad804","ts":"2026-05-13T15:55:35.912+07:00","eventName":"n8n.workflow.success","message":"n8n.workflow.success","payload":{"executionId":"44","success":true,"isManual":false,"mode":"trigger","workflowId":"P0OmfbAIeWALp29h","workflowName":"Local MQTT"}}
{"__type":"$$EventMessageConfirm","confirm":"7f7670a3-2649-4443-801e-c8d073dad804","ts":"2026-05-13T15:55:35.912+07:00","source":{"id":"0","name":"eventBus"}}
{"__type":"$$EventMessageWorkflow","id":"b9aa752e-1971-4805-adcf-9e3b67dd077f","ts":"2026-05-13T15:55:40.924+07:00","eventName":"n8n.workflow.started","message":"n8n.workflow.started","payload":{"executionId":"45","workflowId":"P0OmfbAIeWALp29h","isManual":false,"mode":"trigger","workflowName":"Local MQTT"}}
{"__type":"$$EventMessageConfirm","confirm":"b9aa752e-1971-4805-adcf-9e3b67dd077f","ts":"2026-05-13T15:55:40.924+07:00","source":{"id":"0","name":"eventBus"}}
{"__type":"$$EventMessageAudit","id":"cc1dd281-7837-4d0c-9028-7f598e9a8de6","ts":"2026-05-13T15:55:40.924+07:00","eventName":"n8n.audit.workflow.executed","message":"n8n.audit.workflow.executed","payload":{"workflowId":"P0OmfbAIeWALp29h","workflowName":"Local MQTT","executionId":"45","source":"trigger"}}
{"__type":"$$EventMessageConfirm","confirm":"cc1dd281-7837-4d0c-9028-7f598e9a8de6","ts":"2026-05-13T15:55:40.924+07:00","source":{"id":"0","name":"eventBus"}}
{"__type":"$$EventMessageNode","id":"d8ebfa53-034a-4e92-805f-406a308c3d72","ts":"2026-05-13T15:55:40.924+07:00","eventName":"n8n.node.started","message":"n8n.node.started","payload":{"workflowId":"P0OmfbAIeWALp29h","workflowName":"Local MQTT","executionId":"45","nodeType":"n8n-nodes-base.mqttTrigger","nodeName":"MQTT Trigger","nodeId":"baa908e8-6fd3-45d9-bee5-a383a4713ffc"}}
{"__type":"$$EventMessageConfirm","confirm":"d8ebfa53-034a-4e92-805f-406a308c3d72","ts":"2026-05-13T15:55:40.924+07:00","source":{"id":"0","name":"eventBus"}}
{"__type":"$$EventMessageNode","id":"cd700ab5-c8dc-47ec-9767-3cd870622a8f","ts":"2026-05-13T15:55:40.924+07:00","eventName":"n8n.node.finished","message":"n8n.node.finished","payload":{"workflowId":"P0OmfbAIeWALp29h","workflowName":"Local MQTT","executionId":"45","nodeType":"n8n-nodes-base.mqttTrigger","nodeName":"MQTT Trigger","nodeId":"baa908e8-6fd3-45d9-bee5-a383a4713ffc"}}
{"__type":"$$EventMessageConfirm","confirm":"cd700ab5-c8dc-47ec-9767-3cd870622a8f","ts":"2026-05-13T15:55:40.924+07:00","source":{"id":"0","name":"eventBus"}}
{"__type":"$$EventMessageNode","id":"65db67f2-6226-4cee-9da9-71cf27bf6b8a","ts":"2026-05-13T15:55:40.924+07:00","eventName":"n8n.node.started","message":"n8n.node.started","payload":{"workflowId":"P0OmfbAIeWALp29h","workflowName":"Local MQTT","executionId":"45","nodeType":"n8n-nodes-base.if","nodeName":"If","nodeId":"c98917a8-1c67-4489-b800-c1b094f4034c"}}
{"__type":"$$EventMessageConfirm","confirm":"65db67f2-6226-4cee-9da9-71cf27bf6b8a","ts":"2026-05-13T15:55:40.924+07:00","source":{"id":"0","name":"eventBus"}}
{"__type":"$$EventMessageNode","id":"5ce84532-323b-4e60-938a-eae5613768f7","ts":"2026-05-13T15:55:40.925+07:00","eventName":"n8n.node.finished","message":"n8n.node.finished","payload":{"workflowId":"P0OmfbAIeWALp29h","workflowName":"Local MQTT","executionId":"45","nodeType":"n8n-nodes-base.if","nodeName":"If","nodeId":"c98917a8-1c67-4489-b800-c1b094f4034c"}}
{"__type":"$$EventMessageConfirm","confirm":"5ce84532-323b-4e60-938a-eae5613768f7","ts":"2026-05-13T15:55:40.925+07:00","source":{"id":"0","name":"eventBus"}}
{"__type":"$$EventMessageNode","id":"c1b38250-883d-4e6a-8562-f7746687a040","ts":"2026-05-13T15:55:40.925+07:00","eventName":"n8n.node.started","message":"n8n.node.started","payload":{"workflowId":"P0OmfbAIeWALp29h","workflowName":"Local MQTT","executionId":"45","nodeType":"n8n-nodes-base.set","nodeName":"Edit Fields","nodeId":"1dd561ca-7987-415c-b260-6bfb3cc54525"}}
{"__type":"$$EventMessageConfirm","confirm":"c1b38250-883d-4e6a-8562-f7746687a040","ts":"2026-05-13T15:55:40.925+07:00","source":{"id":"0","name":"eventBus"}}
{"__type":"$$EventMessageNode","id":"fe353a5a-9a30-4565-973d-ea9f3e0f4b1b","ts":"2026-05-13T15:55:40.925+07:00","eventName":"n8n.node.finished","message":"n8n.node.finished","payload":{"workflowId":"P0OmfbAIeWALp29h","workflowName":"Local MQTT","executionId":"45","nodeType":"n8n-nodes-base.set","nodeName":"Edit Fields","nodeId":"1dd561ca-7987-415c-b260-6bfb3cc54525"}}
{"__type":"$$EventMessageConfirm","confirm":"fe353a5a-9a30-4565-973d-ea9f3e0f4b1b","ts":"2026-05-13T15:55:40.925+07:00","source":{"id":"0","name":"eventBus"}}
{"__type":"$$EventMessageWorkflow","id":"fd0c856e-a222-4017-a299-81e4bd8e71bf","ts":"2026-05-13T15:55:40.926+07:00","eventName":"n8n.workflow.success","message":"n8n.workflow.success","payload":{"executionId":"45","success":true,"isManual":false,"mode":"trigger","workflowId":"P0OmfbAIeWALp29h","workflowName":"Local MQTT"}}
{"__type":"$$EventMessageConfirm","confirm":"fd0c856e-a222-4017-a299-81e4bd8e71bf","ts":"2026-05-13T15:55:40.926+07:00","source":{"id":"0","name":"eventBus"}}
{"__type":"$$EventMessageWorkflow","id":"f2c08d7e-722a-413f-82e3-3c1633df20b4","ts":"2026-05-13T15:55:45.924+07:00","eventName":"n8n.workflow.started","message":"n8n.workflow.started","payload":{"executionId":"46","workflowId":"P0OmfbAIeWALp29h","isManual":false,"mode":"trigger","workflowName":"Local MQTT"}}
{"__type":"$$EventMessageConfirm","confirm":"f2c08d7e-722a-413f-82e3-3c1633df20b4","ts":"2026-05-13T15:55:45.925+07:00","source":{"id":"0","name":"eventBus"}}
{"__type":"$$EventMessageAudit","id":"153d0742-1726-4801-959b-bd66701147f4","ts":"2026-05-13T15:55:45.925+07:00","eventName":"n8n.audit.workflow.executed","message":"n8n.audit.workflow.executed","payload":{"workflowId":"P0OmfbAIeWALp29h","workflowName":"Local MQTT","executionId":"46","source":"trigger"}}
{"__type":"$$EventMessageConfirm","confirm":"153d0742-1726-4801-959b-bd66701147f4","ts":"2026-05-13T15:55:45.925+07:00","source":{"id":"0","name":"eventBus"}}
{"__type":"$$EventMessageNode","id":"890a4755-aa9d-4aac-9a67-2d453cd20f66","ts":"2026-05-13T15:55:45.925+07:00","eventName":"n8n.node.started","message":"n8n.node.started","payload":{"workflowId":"P0OmfbAIeWALp29h","workflowName":"Local MQTT","executionId":"46","nodeType":"n8n-nodes-base.mqttTrigger","nodeName":"MQTT Trigger","nodeId":"baa908e8-6fd3-45d9-bee5-a383a4713ffc"}}
{"__type":"$$EventMessageConfirm","confirm":"890a4755-aa9d-4aac-9a67-2d453cd20f66","ts":"2026-05-13T15:55:45.925+07:00","source":{"id":"0","name":"eventBus"}}
{"__type":"$$EventMessageNode","id":"f6e3f752-b6c8-4431-b8eb-20761ce9211a","ts":"2026-05-13T15:55:45.925+07:00","eventName":"n8n.node.finished","message":"n8n.node.finished","payload":{"workflowId":"P0OmfbAIeWALp29h","workflowName":"Local MQTT","executionId":"46","nodeType":"n8n-nodes-base.mqttTrigger","nodeName":"MQTT Trigger","nodeId":"baa908e8-6fd3-45d9-bee5-a383a4713ffc"}}
{"__type":"$$EventMessageConfirm","confirm":"f6e3f752-b6c8-4431-b8eb-20761ce9211a","ts":"2026-05-13T15:55:45.925+07:00","source":{"id":"0","name":"eventBus"}}
{"__type":"$$EventMessageNode","id":"154bf33c-a142-4247-8f7d-e437a8bc25a9","ts":"2026-05-13T15:55:45.925+07:00","eventName":"n8n.node.started","message":"n8n.node.started","payload":{"workflowId":"P0OmfbAIeWALp29h","workflowName":"Local MQTT","executionId":"46","nodeType":"n8n-nodes-base.if","nodeName":"If","nodeId":"c98917a8-1c67-4489-b800-c1b094f4034c"}}
{"__type":"$$EventMessageConfirm","confirm":"154bf33c-a142-4247-8f7d-e437a8bc25a9","ts":"2026-05-13T15:55:45.925+07:00","source":{"id":"0","name":"eventBus"}}
{"__type":"$$EventMessageNode","id":"b840a828-1fc8-4163-b6f1-4978be906f1e","ts":"2026-05-13T15:55:45.926+07:00","eventName":"n8n.node.finished","message":"n8n.node.finished","payload":{"workflowId":"P0OmfbAIeWALp29h","workflowName":"Local MQTT","executionId":"46","nodeType":"n8n-nodes-base.if","nodeName":"If","nodeId":"c98917a8-1c67-4489-b800-c1b094f4034c"}}
{"__type":"$$EventMessageConfirm","confirm":"b840a828-1fc8-4163-b6f1-4978be906f1e","ts":"2026-05-13T15:55:45.926+07:00","source":{"id":"0","name":"eventBus"}}
{"__type":"$$EventMessageNode","id":"2bd7e6c0-df65-4f6b-92b5-e8e10df1b272","ts":"2026-05-13T15:55:45.927+07:00","eventName":"n8n.node.started","message":"n8n.node.started","payload":{"workflowId":"P0OmfbAIeWALp29h","workflowName":"Local MQTT","executionId":"46","nodeType":"n8n-nodes-base.set","nodeName":"Edit Fields","nodeId":"1dd561ca-7987-415c-b260-6bfb3cc54525"}}
{"__type":"$$EventMessageConfirm","confirm":"2bd7e6c0-df65-4f6b-92b5-e8e10df1b272","ts":"2026-05-13T15:55:45.927+07:00","source":{"id":"0","name":"eventBus"}}
{"__type":"$$EventMessageNode","id":"6e6b09c1-d98e-41a5-affe-72d72e545715","ts":"2026-05-13T15:55:45.927+07:00","eventName":"n8n.node.finished","message":"n8n.node.finished","payload":{"workflowId":"P0OmfbAIeWALp29h","workflowName":"Local MQTT","executionId":"46","nodeType":"n8n-nodes-base.set","nodeName":"Edit Fields","nodeId":"1dd561ca-7987-415c-b260-6bfb3cc54525"}}
{"__type":"$$EventMessageConfirm","confirm":"6e6b09c1-d98e-41a5-affe-72d72e545715","ts":"2026-05-13T15:55:45.927+07:00","source":{"id":"0","name":"eventBus"}}
{"__type":"$$EventMessageWorkflow","id":"4f3a0a7c-b769-4d2f-a757-70260214508a","ts":"2026-05-13T15:55:45.927+07:00","eventName":"n8n.workflow.success","message":"n8n.workflow.success","payload":{"executionId":"46","success":true,"isManual":false,"mode":"trigger","workflowId":"P0OmfbAIeWALp29h","workflowName":"Local MQTT"}}
{"__type":"$$EventMessageConfirm","confirm":"4f3a0a7c-b769-4d2f-a757-70260214508a","ts":"2026-05-13T15:55:45.927+07:00","source":{"id":"0","name":"eventBus"}}
{"__type":"$$EventMessageAudit","id":"510efb20-1f4e-4679-b0ba-18202bb59afe","ts":"2026-05-13T15:55:46.864+07:00","eventName":"n8n.audit.workflow.deactivated","message":"n8n.audit.workflow.deactivated","payload":{"userId":"0a843bf0-9d73-4a40-92e2-34a8cf047493","_email":"arkar.acc2003@gmail.com","_firstName":"Htet","_lastName":"Arkar","globalRole":"global:owner","workflowId":"P0OmfbAIeWALp29h","workflowName":"Local MQTT","deactivatedVersionId":"2749bb20-257d-4a6d-b74f-a83965787208"}}
{"__type":"$$EventMessageConfirm","confirm":"510efb20-1f4e-4679-b0ba-18202bb59afe","ts":"2026-05-13T15:55:46.864+07:00","source":{"id":"0","name":"eventBus"}}
{"__type":"$$EventMessageAudit","id":"c03c6b7c-bdb1-4efd-a37d-b33401861c37","ts":"2026-05-13T15:56:05.289+07:00","eventName":"n8n.audit.workflow.executed","message":"n8n.audit.workflow.executed","payload":{"userId":"0a843bf0-9d73-4a40-92e2-34a8cf047493","_email":"arkar.acc2003@gmail.com","_firstName":"Htet","_lastName":"Arkar","globalRole":"global:owner","workflowId":"P0OmfbAIeWALp29h","workflowName":"Local MQTT","executionId":"47","source":"user-manual"}}
{"__type":"$$EventMessageConfirm","confirm":"c03c6b7c-bdb1-4efd-a37d-b33401861c37","ts":"2026-05-13T15:56:05.289+07:00","source":{"id":"0","name":"eventBus"}}
{"__type":"$$EventMessageWorkflow","id":"c7432d2a-2351-4156-bad9-e49f47620d88","ts":"2026-05-13T15:56:05.289+07:00","eventName":"n8n.workflow.started","message":"n8n.workflow.started","payload":{"executionId":"47","workflowId":"P0OmfbAIeWALp29h","isManual":false,"mode":"manual","workflowName":"Local MQTT","projectId":"yyLdxcqYKHGXLqea","projectName":"Htet Arkar <arkar.acc2003@gmail.com>"}}
{"__type":"$$EventMessageConfirm","confirm":"c7432d2a-2351-4156-bad9-e49f47620d88","ts":"2026-05-13T15:56:05.289+07:00","source":{"id":"0","name":"eventBus"}}
{"__type":"$$EventMessageNode","id":"c6b64b16-2346-438e-aaca-535541ff06d3","ts":"2026-05-13T15:56:05.302+07:00","eventName":"n8n.node.started","message":"n8n.node.started","payload":{"workflowId":"P0OmfbAIeWALp29h","workflowName":"Local MQTT","executionId":"47","nodeType":"n8n-nodes-base.mqttTrigger","nodeName":"MQTT Trigger","nodeId":"baa908e8-6fd3-45d9-bee5-a383a4713ffc"}}
{"__type":"$$EventMessageConfirm","confirm":"c6b64b16-2346-438e-aaca-535541ff06d3","ts":"2026-05-13T15:56:05.302+07:00","source":{"id":"0","name":"eventBus"}}
{"__type":"$$EventMessageNode","id":"bd722f0b-8ec4-4db8-9f0a-448f571c2efd","ts":"2026-05-13T15:56:05.883+07:00","eventName":"n8n.node.finished","message":"n8n.node.finished","payload":{"workflowId":"P0OmfbAIeWALp29h","workflowName":"Local MQTT","executionId":"47","nodeType":"n8n-nodes-base.mqttTrigger","nodeName":"MQTT Trigger","nodeId":"baa908e8-6fd3-45d9-bee5-a383a4713ffc"}}
{"__type":"$$EventMessageConfirm","confirm":"bd722f0b-8ec4-4db8-9f0a-448f571c2efd","ts":"2026-05-13T15:56:05.883+07:00","source":{"id":"0","name":"eventBus"}}
{"__type":"$$EventMessageNode","id":"236a243c-539d-4cb6-b820-13124ec3b716","ts":"2026-05-13T15:56:05.884+07:00","eventName":"n8n.node.started","message":"n8n.node.started","payload":{"workflowId":"P0OmfbAIeWALp29h","workflowName":"Local MQTT","executionId":"47","nodeType":"n8n-nodes-base.if","nodeName":"If","nodeId":"c98917a8-1c67-4489-b800-c1b094f4034c"}}
{"__type":"$$EventMessageConfirm","confirm":"236a243c-539d-4cb6-b820-13124ec3b716","ts":"2026-05-13T15:56:05.884+07:00","source":{"id":"0","name":"eventBus"}}
{"__type":"$$EventMessageNode","id":"3a3d4878-bd6b-4ae1-88dc-2f1734d16e1c","ts":"2026-05-13T15:56:05.885+07:00","eventName":"n8n.node.finished","message":"n8n.node.finished","payload":{"workflowId":"P0OmfbAIeWALp29h","workflowName":"Local MQTT","executionId":"47","nodeType":"n8n-nodes-base.if","nodeName":"If","nodeId":"c98917a8-1c67-4489-b800-c1b094f4034c"}}
{"__type":"$$EventMessageConfirm","confirm":"3a3d4878-bd6b-4ae1-88dc-2f1734d16e1c","ts":"2026-05-13T15:56:05.885+07:00","source":{"id":"0","name":"eventBus"}}
{"__type":"$$EventMessageNode","id":"f0a6a22c-0244-494c-8b1e-42bf93806c38","ts":"2026-05-13T15:56:05.886+07:00","eventName":"n8n.node.started","message":"n8n.node.started","payload":{"workflowId":"P0OmfbAIeWALp29h","workflowName":"Local MQTT","executionId":"47","nodeType":"n8n-nodes-base.set","nodeName":"Edit Fields","nodeId":"1dd561ca-7987-415c-b260-6bfb3cc54525"}}
{"__type":"$$EventMessageConfirm","confirm":"f0a6a22c-0244-494c-8b1e-42bf93806c38","ts":"2026-05-13T15:56:05.886+07:00","source":{"id":"0","name":"eventBus"}}
{"__type":"$$EventMessageNode","id":"a1dfb685-05f8-4227-987f-712c63f5f310","ts":"2026-05-13T15:56:05.887+07:00","eventName":"n8n.node.finished","message":"n8n.node.finished","payload":{"workflowId":"P0OmfbAIeWALp29h","workflowName":"Local MQTT","executionId":"47","nodeType":"n8n-nodes-base.set","nodeName":"Edit Fields","nodeId":"1dd561ca-7987-415c-b260-6bfb3cc54525"}}
{"__type":"$$EventMessageConfirm","confirm":"a1dfb685-05f8-4227-987f-712c63f5f310","ts":"2026-05-13T15:56:05.888+07:00","source":{"id":"0","name":"eventBus"}}
{"__type":"$$EventMessageWorkflow","id":"ff453e7a-3807-4d5b-9926-41b3eae29f47","ts":"2026-05-13T15:56:05.892+07:00","eventName":"n8n.workflow.success","message":"n8n.workflow.success","payload":{"userId":"0a843bf0-9d73-4a40-92e2-34a8cf047493","executionId":"47","success":true,"isManual":true,"mode":"manual","workflowId":"P0OmfbAIeWALp29h","workflowName":"Local MQTT","projectId":"yyLdxcqYKHGXLqea","projectName":"Htet Arkar <arkar.acc2003@gmail.com>"}}
{"__type":"$$EventMessageConfirm","confirm":"ff453e7a-3807-4d5b-9926-41b3eae29f47","ts":"2026-05-13T15:56:05.893+07:00","source":{"id":"0","name":"eventBus"}}
